2024-11-26T14:25:57.704Z,nan,nan

2024-11-26T14:26:00.918Z,24,nan

2024-11-26T14:26:00.919Z,24,40

2024-11-26T14:26:04.375Z,24,40

2024-11-26T14:26:04.375Z,24,40

2024-11-26T14:26:08.047Z,24,40

2024-11-26T14:26:08.048Z,24,40

2024-11-26T14:26:11.871Z,24,40

2024-11-26T14:26:11.871Z,24,40

2024-11-26T14:26:16.097Z,24,40

2024-11-26T14:26:16.097Z,24,40

2024-11-26T14:26:19.277Z,24,40

2024-11-26T14:26:19.277Z,24,40

2024-11-26T14:26:23.149Z,24,40

2024-11-26T14:26:23.149Z,24,40

2024-11-26T14:26:26.541Z,24,40

2024-11-26T14:26:26.541Z,24,40

2024-11-26T14:26:29.676Z,9.7,40

2024-11-26T14:26:29.746Z,9.7,30

2024-11-26T14:26:33.196Z,8,30

2024-11-26T14:26:33.453Z,8,30

2024-11-26T14:26:37.168Z,8,30

2024-11-26T14:26:37.168Z,8,30

2024-11-26T14:26:41.045Z,8,30

2024-11-26T14:26:41.045Z,8,30

2024-11-26T14:26:44.455Z,8,30

2024-11-26T14:26:44.542Z,8,30

2024-11-26T14:26:47.931Z,8,30

2024-11-26T14:26:47.932Z,8,30

2024-11-26T14:26:52.012Z,8,30

2024-11-26T14:26:52.012Z,8,30

2024-11-26T14:26:55.931Z,8,30

2024-11-26T14:26:55.948Z,8,30

2024-11-26T14:26:59.422Z,8,30

2024-11-26T14:26:59.430Z,8,30

2024-11-26T14:27:03.367Z,8,30

2024-11-26T14:27:03.367Z,8,30

2024-11-26T14:27:06.924Z,8,30

2024-11-26T14:27:06.994Z,8,30

2024-11-26T14:27:10.284Z,8,30

2024-11-26T14:27:10.655Z,8,30

2024-11-26T14:27:13.737Z,8,30

2024-11-26T14:27:13.898Z,8,30

2024-11-26T14:27:17.596Z,8,30

2024-11-26T14:27:17.597Z,8,30

2024-11-26T14:27:21.069Z,8,30

2024-11-26T14:27:21.345Z,8,30

2024-11-26T14:27:24.900Z,8,30

2024-11-26T14:27:25.311Z,8,30

2024-11-26T14:27:28.734Z,8,30

2024-11-26T14:27:28.734Z,8,30

2024-11-26T14:27:31.785Z,8,30

2024-11-26T14:27:31.972Z,8,30

2024-11-26T14:27:35.146Z,8,30

2024-11-26T14:27:35.359Z,8,30

2024-11-26T14:27:38.816Z,8,30

2024-11-26T14:27:39.002Z,8,30

2024-11-26T14:27:42.397Z,8,30

2024-11-26T14:27:42.591Z,8,30

2024-11-26T14:27:46.535Z,8,30

2024-11-26T14:27:47.405Z,8,30

2024-11-26T14:27:49.813Z,8,30

2024-11-26T14:27:50.156Z,8,30

2024-11-26T14:27:53.343Z,8,30

2024-11-26T14:27:53.423Z,8,30

2024-11-26T14:27:56.662Z,8,30

2024-11-26T14:27:56.663Z,8,30

2024-11-26T14:27:59.784Z,8,30

2024-11-26T14:28:00.113Z,8,30

2024-11-26T14:28:03.480Z,8,30

2024-11-26T14:28:03.715Z,8,30

2024-11-26T14:28:07.291Z,8,30

2024-11-26T14:28:07.311Z,8,30

2024-11-26T14:28:10.567Z,8,30

2024-11-26T14:28:10.881Z,8,30

2024-11-26T14:28:14.153Z,8,30

2024-11-26T14:28:14.357Z,8,30

2024-11-26T14:28:17.726Z,8,30

2024-11-26T14:28:17.855Z,8,30

2024-11-26T14:28:21.289Z,8,30

2024-11-26T14:28:21.494Z,8,30

2024-11-26T14:28:24.638Z,8,30

2024-11-26T14:28:25.096Z,8,30

2024-11-26T14:28:28.204Z,8,30

2024-11-26T14:28:28.482Z,8,30

2024-11-26T14:28:31.663Z,8,30

2024-11-26T14:28:32.135Z,8,30

2024-11-26T14:28:35.479Z,8,30

2024-11-26T14:28:35.714Z,8,30

2024-11-26T14:28:39.867Z,8,30

2024-11-26T14:28:39.867Z,8,30

2024-11-26T14:28:42.807Z,8,30

2024-11-26T14:28:42.807Z,8,30

2024-11-26T14:28:46.403Z,8,30

2024-11-26T14:28:46.403Z,8,30

2024-11-26T14:28:50.392Z,8,30

2024-11-26T14:28:51.714Z,8,30

2024-11-26T14:28:53.601Z,8,30

2024-11-26T14:28:53.883Z,8,30

2024-11-26T14:28:57.035Z,8,30

2024-11-26T14:28:57.036Z,8,30

2024-11-26T14:29:00.101Z,8,30

2024-11-26T14:29:00.573Z,8,30

2024-11-26T14:29:03.367Z,8,30

2024-11-26T14:29:03.535Z,8,30

2024-11-26T14:29:06.958Z,8,30

2024-11-26T14:29:07.153Z,8,30

2024-11-26T14:29:10.889Z,8,30

2024-11-26T14:29:10.889Z,8,30

2024-11-26T14:29:14.013Z,8,30

2024-11-26T14:29:14.248Z,8,30

2024-11-26T14:29:17.557Z,8,30

2024-11-26T14:29:17.741Z,8,30

2024-11-26T14:29:20.954Z,8,30

2024-11-26T14:29:21.250Z,8,30

2024-11-26T14:29:24.371Z,8,30

2024-11-26T14:29:24.602Z,8,30

2024-11-26T14:29:28.167Z,8,30

2024-11-26T14:29:29.411Z,8,30

2024-11-26T14:29:32.133Z,8,30

2024-11-26T14:29:32.313Z,8,30

2024-11-26T14:29:35.657Z,8,30

2024-11-26T14:29:35.675Z,8,30

2024-11-26T14:29:39.136Z,8,30

2024-11-26T14:29:39.415Z,8,30

2024-11-26T14:29:43.023Z,8,30

2024-11-26T14:29:43.303Z,8,30

2024-11-26T14:29:47.677Z,8,30

2024-11-26T14:29:47.677Z,8,30

2024-11-26T14:29:51.790Z,8,30

2024-11-26T14:29:51.790Z,8,30

2024-11-26T14:29:54.978Z,8,30

2024-11-26T14:29:54.978Z,8,30

2024-11-26T14:29:58.724Z,8,30

2024-11-26T14:29:58.724Z,8,30

2024-11-26T14:30:02.186Z,8,30

2024-11-26T14:30:02.306Z,8,30

2024-11-26T14:30:06.414Z,8,30

2024-11-26T14:30:06.414Z,8,30

2024-11-26T14:30:12.526Z,8,30

2024-11-26T14:30:19.377Z,8,30

2024-11-26T14:30:19.377Z,8,30

2024-11-26T14:30:29.333Z,8,30

2024-11-26T14:30:29.334Z,8,30

2024-11-26T14:30:29.334Z,8,30

2024-11-26T14:30:37.504Z,8,30

2024-11-26T14:30:37.504Z,8,30

2024-11-26T14:30:37.505Z,8,30

2024-11-26T14:30:47.569Z,8,30

2024-11-26T14:30:47.570Z,8,30

2024-11-26T14:30:47.570Z,8,30

2024-11-26T14:31:11.324Z,8,30

2024-11-26T14:31:11.324Z,8,30

2024-11-26T14:31:11.325Z,8,30

2024-11-26T14:31:11.325Z,8,30

2024-11-26T14:31:11.325Z,8,30

2024-11-26T14:31:11.326Z,8,30

2024-11-26T14:31:11.326Z,8,30

2024-11-26T14:31:11.326Z,8,30

2024-11-26T14:31:14.340Z,8,30

2024-11-26T14:31:14.340Z,8,30

2024-11-26T14:31:14.340Z,8,30

2024-11-26T14:31:14.341Z,8,30

2024-11-26T14:31:14.341Z,8,30

2024-11-26T14:31:14.341Z,8,30

2024-11-26T14:31:14.341Z,8,30

2024-11-26T14:31:14.342Z,8,30

2024-11-26T14:31:27.949Z,8,30

2024-11-26T14:31:27.949Z,8,30

2024-11-26T14:31:27.950Z,8,30

2024-11-26T14:31:27.950Z,8,30

2024-11-26T14:31:27.950Z,8,30

2024-11-26T14:31:46.818Z,8,30

2024-11-26T14:31:46.818Z,8,30

2024-11-26T14:31:46.818Z,8,30

2024-11-26T14:31:46.818Z,8,30

2024-11-26T14:31:46.819Z,8,30

2024-11-26T14:31:46.819Z,8,30

2024-11-26T14:31:46.819Z,8,30

2024-11-26T14:31:54.592Z,8,30

2024-11-26T14:31:54.592Z,8,30

2024-11-26T14:31:54.592Z,8,30

2024-11-26T14:31:54.592Z,8,30

2024-11-26T14:31:54.592Z,8,30

2024-11-26T14:31:54.593Z,8,30

2024-11-26T14:31:54.593Z,8,30

2024-11-26T14:31:54.593Z,8,30

2024-11-26T14:31:54.593Z,8,30

2024-11-26T14:31:54.593Z,8,30

2024-11-26T14:31:54.593Z,8,30

2024-11-26T14:31:54.594Z,8,30

2024-11-26T14:32:07.224Z,8,30

2024-11-26T14:32:07.225Z,8,30

2024-11-26T14:32:07.225Z,8,30

2024-11-26T14:32:07.225Z,8,30

2024-11-26T14:32:19.900Z,8,30

2024-11-26T14:32:19.901Z,8,30

2024-11-26T14:32:19.901Z,8,30

2024-11-26T14:32:19.901Z,8,30

2024-11-26T14:32:19.901Z,8,30

2024-11-26T14:32:19.902Z,8,30

2024-11-26T14:32:41.866Z,8,30

2024-11-26T14:32:41.866Z,8,30

2024-11-26T14:32:41.866Z,8,30

2024-11-26T14:32:41.866Z,8,30

2024-11-26T14:32:41.866Z,8,30

2024-11-26T14:32:41.867Z,8,30

2024-11-26T14:32:41.867Z,8,30

2024-11-26T14:32:41.867Z,8,30

2024-11-26T14:32:45.709Z,8,30

2024-11-26T14:32:45.709Z,8,30

2024-11-26T14:32:45.709Z,8,30

2024-11-26T14:32:45.709Z,8,30

2024-11-26T14:32:45.710Z,8,30

2024-11-26T14:32:54.727Z,8,30

2024-11-26T14:32:54.727Z,8,30

2024-11-26T14:32:54.727Z,8,30

2024-11-26T14:32:54.727Z,8,30

2024-11-26T14:32:54.728Z,8,30

2024-11-26T14:33:05.952Z,8,30

2024-11-26T14:33:05.952Z,8,30

2024-11-26T14:33:05.952Z,8,30

2024-11-26T14:33:05.953Z,8,30

2024-11-26T14:33:05.953Z,8,30

2024-11-26T14:33:05.953Z,8,30

2024-11-26T14:33:05.953Z,8,30

2024-11-26T14:33:05.953Z,8,30

2024-11-26T14:33:24.517Z,8,30

2024-11-26T14:33:24.518Z,8,30

2024-11-26T14:33:24.518Z,8,30

2024-11-26T14:33:24.518Z,8,30

2024-11-26T14:33:24.518Z,8,30

2024-11-26T14:33:24.519Z,8,30

2024-11-26T14:33:34.660Z,8,30

2024-11-26T14:33:34.661Z,8,30

2024-11-26T14:33:34.661Z,8,30

2024-11-26T14:33:34.661Z,8,30

2024-11-26T14:33:34.661Z,8,30

2024-11-26T14:33:34.662Z,8,30

2024-11-26T14:33:34.662Z,8,30

2024-11-26T14:33:34.662Z,8,30

2024-11-26T14:33:41.146Z,8,30

2024-11-26T14:33:41.146Z,8,30

2024-11-26T14:33:41.147Z,8,30

2024-11-26T14:33:41.147Z,8,30

2024-11-26T14:33:49.402Z,8,30

2024-11-26T14:33:49.402Z,8,30

2024-11-26T14:33:49.402Z,8,30

2024-11-26T14:33:49.403Z,8,30

2024-11-26T14:33:58.034Z,8,30

2024-11-26T14:33:58.034Z,8,30

2024-11-26T14:33:58.034Z,8,30

2024-11-26T14:33:58.034Z,8,30

2024-11-26T14:33:58.034Z,8,30

2024-11-26T14:33:58.034Z,8,30

2024-11-26T14:34:06.227Z,8,30

2024-11-26T14:34:06.227Z,8,30

2024-11-26T14:34:13.491Z,8,30

2024-11-26T14:34:13.491Z,8,30

2024-11-26T14:34:13.491Z,8,30

2024-11-26T14:34:13.491Z,8,30

2024-11-26T14:34:13.491Z,8,30

2024-11-26T14:34:13.492Z,8,30

2024-11-26T14:34:15.138Z,8,30

2024-11-26T14:34:15.138Z,8,30

2024-11-26T14:34:22.666Z,8,30

2024-11-26T14:34:22.666Z,8,30

2024-11-26T14:34:23.782Z,8,30

2024-11-26T14:34:23.782Z,8,30

2024-11-26T14:34:23.782Z,8,30

2024-11-26T14:34:23.782Z,8,30

2024-11-26T14:34:29.428Z,8,30

2024-11-26T14:34:29.428Z,8,30

2024-11-26T14:34:38.279Z,8,30

2024-11-26T14:34:38.279Z,8,30

2024-11-26T14:34:38.279Z,8,30

2024-11-26T14:34:38.279Z,8,30

2024-11-26T14:34:40.676Z,8,30

2024-11-26T14:34:40.676Z,8,30

2024-11-26T14:34:48.532Z,8,30

2024-11-26T14:34:48.532Z,8,30

2024-11-26T14:34:48.533Z,8,30

2024-11-26T14:34:52.849Z,8,30

2024-11-26T14:34:52.850Z,8,30

2024-11-26T14:34:52.850Z,8,30

2024-11-26T14:34:57.712Z,8,30

2024-11-26T14:34:57.712Z,8,30

2024-11-26T14:34:57.712Z,8,30

2024-11-26T14:34:57.713Z,8,30

2024-11-26T14:35:02.029Z,8,30

2024-11-26T14:35:02.029Z,8,30

2024-11-26T14:35:06.407Z,8,30

2024-11-26T14:35:06.407Z,8,30

2024-11-26T14:35:12.884Z,8,30

2024-11-26T14:35:12.885Z,8,30

2024-11-26T14:35:18.077Z,8,30

2024-11-26T14:35:18.077Z,8,30

2024-11-26T14:35:18.936Z,8,30

2024-11-26T14:35:18.937Z,8,30

2024-11-26T14:35:23.437Z,8,30

2024-11-26T14:35:27.846Z,8,30

2024-11-26T14:35:31.873Z,8,30

2024-11-26T14:35:31.873Z,8,30

2024-11-26T14:35:31.873Z,8,30

2024-11-26T14:35:31.873Z,8,30

2024-11-26T14:35:32.212Z,8,30

2024-11-26T14:35:32.261Z,8,30

2024-11-26T14:35:37.380Z,8,30

2024-11-26T14:35:37.381Z,8,30

2024-11-26T14:35:40.234Z,8,30

2024-11-26T14:35:40.235Z,8,30

2024-11-26T14:35:42.317Z,8,30

2024-11-26T14:35:42.675Z,8,30

2024-11-26T14:35:45.676Z,8,30

2024-11-26T14:35:50.596Z,8,30

2024-11-26T14:35:51.606Z,8,30

2024-11-26T14:35:51.606Z,8,30

2024-11-26T14:35:54.450Z,8,30

2024-11-26T14:35:55.598Z,8,30

2024-11-26T14:35:58.611Z,8,30

2024-11-26T14:35:58.611Z,8,30

2024-11-26T14:36:00.895Z,8,30

2024-11-26T14:36:03.749Z,8,30

2024-11-26T14:36:05.829Z,8,30

2024-11-26T14:36:05.829Z,8,30

2024-11-26T14:36:09.402Z,8,30

2024-11-26T14:36:11.913Z,8,30

2024-11-26T14:36:14.926Z,8,30

2024-11-26T14:36:14.927Z,8,30

2024-11-26T14:36:17.489Z,8,30

2024-11-26T14:36:17.489Z,8,30

2024-11-26T14:36:19.534Z,8,30

2024-11-26T14:36:22.250Z,8,30

2024-11-26T14:36:23.590Z,8,30

2024-11-26T14:36:25.027Z,8,30

2024-11-26T14:36:28.041Z,8,30

2024-11-26T14:36:28.042Z,8,30

2024-11-26T14:36:31.361Z,8,30

2024-11-26T14:36:32.235Z,8,30

2024-11-26T14:36:35.975Z,8,30

2024-11-26T14:36:37.706Z,8,30

2024-11-26T14:36:39.902Z,8,30

2024-11-26T14:36:39.903Z,8,30

2024-11-26T14:36:43.690Z,8,30

2024-11-26T14:36:45.212Z,8,30

2024-11-26T14:36:47.124Z,8,30

2024-11-26T14:36:47.124Z,8,30

2024-11-26T14:36:50.849Z,8,30

2024-11-26T14:36:53.082Z,8,30

2024-11-26T14:36:58.305Z,8,30

2024-11-26T14:36:58.305Z,8,30

2024-11-26T14:37:00.861Z,8,30

2024-11-26T14:37:00.861Z,8,30

2024-11-26T14:37:03.674Z,8,30

2024-11-26T14:37:07.012Z,8,30

2024-11-26T14:37:07.930Z,8,30

2024-11-26T14:37:07.931Z,8,30

2024-11-26T14:37:09.742Z,8,30

2024-11-26T14:37:11.801Z,8,30

2024-11-26T14:37:14.741Z,8,30

2024-11-26T14:37:14.742Z,8,30

2024-11-26T14:37:17.591Z,8,30

2024-11-26T14:37:19.264Z,8,30

2024-11-26T14:37:21.758Z,8,30

2024-11-26T14:37:22.289Z,8,30

2024-11-26T14:37:25.779Z,8,30

2024-11-26T14:37:26.260Z,8,30

2024-11-26T14:37:29.579Z,8,30

2024-11-26T14:37:30.393Z,8,30

2024-11-26T14:37:33.408Z,8,30

2024-11-26T14:37:37.339Z,8,30

2024-11-26T14:37:40.572Z,8,30

2024-11-26T14:37:40.572Z,8,30

2024-11-26T14:37:40.835Z,8,30

2024-11-26T14:37:40.835Z,8,30

2024-11-26T14:37:45.151Z,8,30

2024-11-26T14:37:46.107Z,8,30

2024-11-26T14:37:47.988Z,8,30

2024-11-26T14:37:48.887Z,8,30

2024-11-26T14:37:52.604Z,8,30

2024-11-26T14:37:53.198Z,8,30

2024-11-26T14:37:56.102Z,8,30

2024-11-26T14:37:57.935Z,8,30

2024-11-26T14:38:01.121Z,8,30

2024-11-26T14:38:01.474Z,8,30

2024-11-26T14:38:03.162Z,8,30

2024-11-26T14:38:05.321Z,8,30

2024-11-26T14:38:07.752Z,8,30

2024-11-26T14:38:10.012Z,8,30

2024-11-26T14:38:11.400Z,8,30

2024-11-26T14:38:12.878Z,8,30

2024-11-26T14:38:15.282Z,8,30

2024-11-26T14:38:16.338Z,8,30

2024-11-26T14:38:19.391Z,8,30

2024-11-26T14:38:21.252Z,8,30

2024-11-26T14:38:23.104Z,8,30

2024-11-26T14:38:24.428Z,8,30

2024-11-26T14:38:26.326Z,8,30

2024-11-26T14:38:27.004Z,8,30

2024-11-26T14:38:30.554Z,8,30

2024-11-26T14:38:30.739Z,8,30

2024-11-26T14:38:34.347Z,8,30

2024-11-26T14:38:34.465Z,8,30

2024-11-26T14:38:40.385Z,8,30

2024-11-26T14:38:40.386Z,8,30

2024-11-26T14:38:42.983Z,8,30

2024-11-26T14:38:43.896Z,8,30

2024-11-26T14:38:46.008Z,8,30

2024-11-26T14:38:47.175Z,8,30

2024-11-26T14:38:49.579Z,8,30

2024-11-26T14:38:50.135Z,8,30

2024-11-26T14:38:53.713Z,8,30

2024-11-26T14:38:53.999Z,8,30

2024-11-26T14:38:57.262Z,8,30

2024-11-26T14:38:58.345Z,8,30

2024-11-26T14:39:01.570Z,8,30

2024-11-26T14:39:03.954Z,8,30

2024-11-26T14:39:05.563Z,8,30

2024-11-26T14:39:07.459Z,8,30

2024-11-26T14:39:09.033Z,8,30

2024-11-26T14:39:10.390Z,8,30

2024-11-26T14:39:12.374Z,8,30

2024-11-26T14:39:14.565Z,8,30

2024-11-26T14:39:16.750Z,8,30

2024-11-26T14:39:18.822Z,8,30

2024-11-26T14:39:20.948Z,8,30

2024-11-26T14:39:21.157Z,8,30

2024-11-26T14:39:24.773Z,8,30

2024-11-26T14:39:25.617Z,8,30

2024-11-26T14:39:28.718Z,8,30

2024-11-26T14:39:29.750Z,8,30

2024-11-26T14:39:32.299Z,8,30

2024-11-26T14:39:32.500Z,8,30

2024-11-26T14:39:35.512Z,8,30

2024-11-26T14:39:36.177Z,8,30

2024-11-26T14:39:39.667Z,8,30

2024-11-26T14:39:40.347Z,8,30

2024-11-26T14:39:44.317Z,8,30

2024-11-26T14:39:44.490Z,8,30

2024-11-26T14:39:47.750Z,8,30

2024-11-26T14:39:48.072Z,8,30

2024-11-26T14:39:50.634Z,8,30

2024-11-26T14:39:51.388Z,8,30

2024-11-26T14:39:54.786Z,8,30

2024-11-26T14:39:55.969Z,8,30

2024-11-26T14:39:59.724Z,8,30

2024-11-26T14:40:01.611Z,8,30

2024-11-26T14:40:03.416Z,8,30

2024-11-26T14:40:05.036Z,8,30

2024-11-26T14:40:06.662Z,8,30

2024-11-26T14:40:09.184Z,8,30

2024-11-26T14:40:11.203Z,8,30

2024-11-26T14:40:12.240Z,8,30

2024-11-26T14:40:14.859Z,8,30

2024-11-26T14:40:15.822Z,8,30

2024-11-26T14:40:17.721Z,8,30

2024-11-26T14:40:19.784Z,8,30

2024-11-26T14:40:21.815Z,8,30

2024-11-26T14:40:22.689Z,8,30

2024-11-26T14:40:26.013Z,8,30

2024-11-26T14:40:26.821Z,8,30

2024-11-26T14:40:29.617Z,8,30

2024-11-26T14:40:29.678Z,8,30

2024-11-26T14:40:33.107Z,8,30

2024-11-26T14:40:34.221Z,8,30

2024-11-26T14:40:37.461Z,8,30

2024-11-26T14:40:37.788Z,8,30

2024-11-26T14:40:41.238Z,8,30

2024-11-26T14:40:43.733Z,8,30

2024-11-26T14:40:45.627Z,8,30

2024-11-26T14:40:47.645Z,8,30

2024-11-26T14:40:50.045Z,8,30

2024-11-26T14:40:51.203Z,8,30

2024-11-26T14:40:52.830Z,8,30

2024-11-26T14:40:54.481Z,8,30

2024-11-26T14:40:56.416Z,8,30

2024-11-26T14:40:57.144Z,8,30

2024-11-26T14:41:01.427Z,8,30

2024-11-26T14:41:01.567Z,8,30

2024-11-26T14:41:03.740Z,8,30

2024-11-26T14:41:03.959Z,8,30

2024-11-26T14:41:07.839Z,8,30

2024-11-26T14:41:09.262Z,8,30

2024-11-26T14:41:12.927Z,8,30

2024-11-26T14:41:13.771Z,8,30

2024-11-26T14:41:16.456Z,8,30

2024-11-26T14:41:19.769Z,8,30

2024-11-26T14:41:22.572Z,8,30

2024-11-26T14:41:22.572Z,8,30

2024-11-26T14:41:24.685Z,8,30

2024-11-26T14:41:26.039Z,8,30

2024-11-26T14:41:27.933Z,8,30

2024-11-26T14:41:28.838Z,8,30

2024-11-26T14:41:32.029Z,8,30

2024-11-26T14:41:32.517Z,8,30

2024-11-26T14:41:35.345Z,8,30

2024-11-26T14:41:36.529Z,8,30

2024-11-26T14:41:39.396Z,8,30

2024-11-26T14:41:41.641Z,8,30

2024-11-26T14:41:43.311Z,8,30

2024-11-26T14:41:44.194Z,8,30

2024-11-26T14:41:48.549Z,8,30

2024-11-26T14:41:49.757Z,8,30

2024-11-26T14:41:51.443Z,8,30

2024-11-26T14:41:53.665Z,8,30

2024-11-26T14:41:56.552Z,8,30

2024-11-26T14:41:58.391Z,8,30

2024-11-26T14:41:58.683Z,8,30

2024-11-26T14:42:00.128Z,8,30

2024-11-26T14:42:03.590Z,8,30

2024-11-26T14:42:04.955Z,8,30

2024-11-26T14:42:06.623Z,8,30

2024-11-26T14:42:07.348Z,8,30

2024-11-26T14:42:10.422Z,8,30

2024-11-26T14:42:11.430Z,8,30

2024-11-26T14:42:14.628Z,8,30

2024-11-26T14:42:15.522Z,8,30

2024-11-26T14:42:18.143Z,8,30

2024-11-26T14:42:18.915Z,8,30

2024-11-26T14:42:24.593Z,8,30

2024-11-26T14:42:25.235Z,8,30

2024-11-26T14:42:26.491Z,8,30

2024-11-26T14:42:26.491Z,8,30

2024-11-26T14:42:29.793Z,8,30

2024-11-26T14:42:31.145Z,8,30

2024-11-26T14:42:34.082Z,8,30

2024-11-26T14:42:36.415Z,8,30

2024-11-26T14:42:38.560Z,8,30

2024-11-26T14:42:38.719Z,8,30

2024-11-26T14:42:41.559Z,8,30

2024-11-26T14:42:43.783Z,8,30

2024-11-26T14:42:45.853Z,8,30

2024-11-26T14:42:45.853Z,8,30

2024-11-26T14:42:48.712Z,8,30

2024-11-26T14:42:49.361Z,8,30

2024-11-26T14:42:53.175Z,8,30

2024-11-26T14:42:53.778Z,8,30

2024-11-26T14:42:56.924Z,8,30

2024-11-26T14:42:58.305Z,8,30

2024-11-26T14:43:00.586Z,8,30

2024-11-26T14:43:01.590Z,8,30

2024-11-26T14:43:04.193Z,8,30

2024-11-26T14:43:05.757Z,8,30

2024-11-26T14:43:09.304Z,8,30

2024-11-26T14:43:11.940Z,8,30

2024-11-26T14:43:13.514Z,8,30

2024-11-26T14:43:14.483Z,8,30

2024-11-26T14:43:16.733Z,8,30

2024-11-26T14:43:16.834Z,8,30

2024-11-26T14:43:21.012Z,8,30

2024-11-26T14:43:22.984Z,8,30

2024-11-26T14:43:23.407Z,8,30

2024-11-26T14:43:25.001Z,8,30

2024-11-26T14:43:26.688Z,8,30

2024-11-26T14:43:27.989Z,8,30

2024-11-26T14:43:31.854Z,8,30

2024-11-26T14:43:31.985Z,8,30

2024-11-26T14:43:35.657Z,8,30

2024-11-26T14:43:36.401Z,8,30

2024-11-26T14:43:38.943Z,8,30

2024-11-26T14:43:40.056Z,8,30

2024-11-26T14:43:43.380Z,8,30

2024-11-26T14:43:44.548Z,8,30

2024-11-26T14:43:47.545Z,8,30

2024-11-26T14:43:48.831Z,8,30

2024-11-26T14:43:51.902Z,8,30

2024-11-26T14:43:53.077Z,8,30

2024-11-26T14:43:57.040Z,8,30

2024-11-26T14:44:00.484Z,8,30

2024-11-26T14:44:00.758Z,8,30

2024-11-26T14:44:02.862Z,8,30

2024-11-26T14:44:07.319Z,8,30

2024-11-26T14:44:08.754Z,8,30

2024-11-26T14:44:11.685Z,8,30

2024-11-26T14:44:12.993Z,8,30

2024-11-26T14:44:17.082Z,8,30

2024-11-26T14:44:17.668Z,8,30

2024-11-26T14:44:20.684Z,8,30

2024-11-26T14:44:21.652Z,8,30

2024-11-26T14:44:25.172Z,8,30

2024-11-26T14:44:26.447Z,8,30

2024-11-26T14:44:30.242Z,8,30

2024-11-26T14:44:31.758Z,8,30

2024-11-26T14:44:34.754Z,8,30

2024-11-26T14:44:34.754Z,8,30

2024-11-26T14:44:38.177Z,8,30

2024-11-26T14:44:39.068Z,8,30

2024-11-26T14:44:42.579Z,8,30

2024-11-26T14:44:43.730Z,8,30

2024-11-26T14:44:45.745Z,8,30

2024-11-26T14:44:46.871Z,8,30

2024-11-26T14:44:49.922Z,8,30

2024-11-26T14:44:50.925Z,8,30

2024-11-26T14:44:54.999Z,8,30

2024-11-26T14:44:55.897Z,8,30

2024-11-26T14:44:58.328Z,8,30

2024-11-26T14:44:59.724Z,8,30

2024-11-26T14:45:02.895Z,8,30

2024-11-26T14:45:03.935Z,8,30

2024-11-26T14:45:06.631Z,8,30

2024-11-26T14:45:07.268Z,8,30

2024-11-26T14:45:11.222Z,8,30

2024-11-26T14:45:13.077Z,8,30

2024-11-26T14:45:15.080Z,8,30

2024-11-26T14:45:17.506Z,8,30

2024-11-26T14:45:19.787Z,8,30

2024-11-26T14:45:21.299Z,8,30

2024-11-26T14:45:25.006Z,8,30

2024-11-26T14:45:28.464Z,8,30

2024-11-26T14:45:30.426Z,8,30

2024-11-26T14:45:31.551Z,8,30

2024-11-26T14:45:32.796Z,8,30

2024-11-26T14:45:32.796Z,8,30

2024-11-26T14:45:36.666Z,8,30

2024-11-26T14:45:38.979Z,8,30

2024-11-26T14:45:40.636Z,8,30

2024-11-26T14:45:42.212Z,8,30

2024-11-26T14:45:45.462Z,8,30

2024-11-26T14:45:45.780Z,8,30

2024-11-26T14:45:48.580Z,8,30

2024-11-26T14:45:50.107Z,8,30

2024-11-26T14:45:53.517Z,8,30

2024-11-26T14:45:54.867Z,8,30

2024-11-26T14:45:57.888Z,8,30

2024-11-26T14:45:58.979Z,8,30

2024-11-26T14:46:01.274Z,8,30

2024-11-26T14:46:02.959Z,8,30

2024-11-26T14:46:05.719Z,8,30

2024-11-26T14:46:06.843Z,8,30

2024-11-26T14:46:10.333Z,8,30

2024-11-26T14:46:11.426Z,8,30

2024-11-26T14:46:14.469Z,8,30

2024-11-26T14:46:15.792Z,8,30

2024-11-26T14:46:18.482Z,8,30

2024-11-26T14:46:20.070Z,8,30

2024-11-26T14:46:23.748Z,8,30

2024-11-26T14:46:25.225Z,8,30

2024-11-26T14:46:27.459Z,8,30

2024-11-26T14:46:29.470Z,8,30

2024-11-26T14:46:31.925Z,8,30

2024-11-26T14:46:35.036Z,8,30

2024-11-26T14:46:36.588Z,8,30

2024-11-26T14:46:39.574Z,8,30

2024-11-26T14:46:41.716Z,8,30

2024-11-26T14:46:41.717Z,8,30

2024-11-26T14:46:44.516Z,8,30

2024-11-26T14:46:47.069Z,8,30

2024-11-26T14:46:50.760Z,8,30

2024-11-26T14:46:50.761Z,8,30

2024-11-26T14:46:52.793Z,8,30

2024-11-26T14:46:53.598Z,8,30

2024-11-26T14:46:57.738Z,8,30

2024-11-26T14:46:59.457Z,8,30

2024-11-26T14:47:00.144Z,8,30

2024-11-26T14:47:01.625Z,8,30

2024-11-26T14:47:04.737Z,8,30

2024-11-26T14:47:05.658Z,8,30

2024-11-26T14:47:08.535Z,8,30

2024-11-26T14:47:09.145Z,8,30

2024-11-26T14:47:12.423Z,8,30

2024-11-26T14:47:13.527Z,8,30

2024-11-26T14:47:16.408Z,8,30

2024-11-26T14:47:17.256Z,8,30

2024-11-26T14:47:21.197Z,8,30

2024-11-26T14:47:22.013Z,8,30

2024-11-26T14:47:25.970Z,8,30

2024-11-26T14:47:27.330Z,8,30

2024-11-26T14:47:29.276Z,8,30

2024-11-26T14:47:30.675Z,8,30

2024-11-26T14:47:33.805Z,8,30

2024-11-26T14:47:36.479Z,8,30

2024-11-26T14:47:37.244Z,8,30

2024-11-26T14:47:38.603Z,8,30

2024-11-26T14:47:41.527Z,8,30

2024-11-26T14:47:42.610Z,8,30

2024-11-26T14:47:45.734Z,8,30

2024-11-26T14:47:46.588Z,8,30

2024-11-26T14:47:49.711Z,8,30

2024-11-26T14:47:50.848Z,8,30

2024-11-26T14:47:53.113Z,8,30

2024-11-26T14:47:54.743Z,8,30

2024-11-26T14:47:57.359Z,8,30

2024-11-26T14:47:57.936Z,8,30

2024-11-26T14:48:00.917Z,8,30

2024-11-26T14:48:01.531Z,8,30

2024-11-26T14:48:06.226Z,8,30

2024-11-26T14:48:07.137Z,8,30

2024-11-26T14:48:09.331Z,8,30

2024-11-26T14:48:09.959Z,8,30

2024-11-26T14:48:13.609Z,8,30

2024-11-26T14:48:13.653Z,8,30

2024-11-26T14:48:17.380Z,8,30

2024-11-26T14:48:18.373Z,8,30

2024-11-26T14:48:21.226Z,8,30

2024-11-26T14:48:23.715Z,8,30

2024-11-26T14:48:26.286Z,8,30

2024-11-26T14:48:27.470Z,8,30

2024-11-26T14:48:30.206Z,8,30

2024-11-26T14:48:31.681Z,8,30

2024-11-26T14:48:34.070Z,8,30

2024-11-26T14:48:35.423Z,8,30

2024-11-26T14:48:38.500Z,8,30

2024-11-26T14:48:39.459Z,8,30

2024-11-26T14:48:41.981Z,8,30

2024-11-26T14:48:42.561Z,8,30

2024-11-26T14:48:45.937Z,8,30

2024-11-26T14:48:47.169Z,8,30

2024-11-26T14:48:50.510Z,8,30

2024-11-26T14:48:51.645Z,8,30

2024-11-26T14:48:54.506Z,8,30

2024-11-26T14:48:54.956Z,8,30

2024-11-26T14:48:58.215Z,8,30

2024-11-26T14:48:59.205Z,8,30

2024-11-26T14:49:01.825Z,8,30

2024-11-26T14:49:03.274Z,8,30

2024-11-26T14:49:06.950Z,8,30

2024-11-26T14:49:07.291Z,8,30

2024-11-26T14:49:09.997Z,8,30

2024-11-26T14:49:11.069Z,8,30

2024-11-26T14:49:14.281Z,8,30

2024-11-26T14:49:14.936Z,8,30

2024-11-26T14:49:18.586Z,8,30

2024-11-26T14:49:19.734Z,8,30

2024-11-26T14:49:23.262Z,8,30

2024-11-26T14:49:24.672Z,8,30

2024-11-26T14:49:27.012Z,8,30

2024-11-26T14:49:29.125Z,8,30

2024-11-26T14:49:32.218Z,8,30

2024-11-26T14:49:32.219Z,8,30

2024-11-26T14:49:36.022Z,8,30

2024-11-26T14:49:36.700Z,8,30

2024-11-26T14:49:39.131Z,8,30

2024-11-26T14:49:40.235Z,8,30

2024-11-26T14:49:42.543Z,8,30

2024-11-26T14:49:43.494Z,8,30

2024-11-26T14:49:46.561Z,8,30

2024-11-26T14:49:47.090Z,8,30

2024-11-26T14:49:50.712Z,8,30

2024-11-26T14:49:52.041Z,8,30

2024-11-26T14:49:54.712Z,8,30

2024-11-26T14:49:55.406Z,8,30

2024-11-26T14:49:59.380Z,8,30

2024-11-26T14:49:59.787Z,8,30

2024-11-26T14:50:03.401Z,8,30

2024-11-26T14:50:04.580Z,8,30

2024-11-26T14:50:07.662Z,8,30

2024-11-26T14:50:08.012Z,8,30

2024-11-26T14:50:10.865Z,8,30

2024-11-26T14:50:11.633Z,8,30

2024-11-26T14:50:15.644Z,8,30

2024-11-26T14:50:16.446Z,8,30

2024-11-26T14:50:19.353Z,8,30

2024-11-26T14:50:20.184Z,8,30

2024-11-26T14:50:23.510Z,8,30

2024-11-26T14:50:23.773Z,8,30

2024-11-26T14:50:29.519Z,8,30

2024-11-26T14:50:30.813Z,8,30

2024-11-26T14:50:32.702Z,8,30

2024-11-26T14:50:34.017Z,8,30

2024-11-26T14:50:35.413Z,8,30

2024-11-26T14:50:37.200Z,8,30

2024-11-26T14:50:39.646Z,8,30

2024-11-26T14:50:40.632Z,8,30

2024-11-26T14:50:43.554Z,8,30

2024-11-26T14:50:45.338Z,8,30

2024-11-26T14:50:48.258Z,8,30

2024-11-26T14:50:48.770Z,8,30

2024-11-26T14:50:50.810Z,8,30

2024-11-26T14:50:52.354Z,8,30

2024-11-26T14:50:55.689Z,8,30

2024-11-26T14:50:56.325Z,8,30

2024-11-26T14:50:59.621Z,8,30

2024-11-26T14:51:00.486Z,8,30

2024-11-26T14:51:03.844Z,8,30

2024-11-26T14:51:04.655Z,8,30

2024-11-26T14:51:07.744Z,8,30

2024-11-26T14:51:09.039Z,8,30

2024-11-26T14:51:11.393Z,8,30

2024-11-26T14:51:12.116Z,8,30

2024-11-26T14:51:16.032Z,8,30

2024-11-26T14:51:16.753Z,8,30

2024-11-26T14:51:20.425Z,8,30

2024-11-26T14:51:21.622Z,8,30

2024-11-26T14:51:24.967Z,8,30

2024-11-26T14:51:27.510Z,8,30

2024-11-26T14:51:29.632Z,8,30

2024-11-26T14:51:30.493Z,8,30

2024-11-26T14:51:33.663Z,8,30

2024-11-26T14:51:35.152Z,8,30

2024-11-26T14:51:38.496Z,8,30

2024-11-26T14:51:39.178Z,8,30

2024-11-26T14:51:43.159Z,8,30

2024-11-26T14:51:43.883Z,8,30

2024-11-26T14:51:47.859Z,8,30

2024-11-26T14:51:48.571Z,8,30

2024-11-26T14:51:50.434Z,8,30

2024-11-26T14:51:51.883Z,8,30

2024-11-26T14:51:54.710Z,8,30

2024-11-26T14:51:56.299Z,8,30

2024-11-26T14:51:58.743Z,8,30

2024-11-26T14:52:00.186Z,8,30

2024-11-26T14:52:03.279Z,8,30

2024-11-26T14:52:04.431Z,8,30

2024-11-26T14:52:08.637Z,8,30

2024-11-26T14:52:09.449Z,8,30

2024-11-26T14:52:12.395Z,8,30

2024-11-26T14:52:13.681Z,8,30

2024-11-26T14:52:15.674Z,8,30

2024-11-26T14:52:16.887Z,8,30

2024-11-26T14:52:21.006Z,8,30

2024-11-26T14:52:22.430Z,8,30

2024-11-26T14:52:25.104Z,8,30

2024-11-26T14:52:26.565Z,8,30

2024-11-26T14:52:29.758Z,8,30

2024-11-26T14:52:30.720Z,8,30

2024-11-26T14:52:33.374Z,8,30

2024-11-26T14:52:34.829Z,8,30

2024-11-26T14:52:38.615Z,8,30

2024-11-26T14:52:39.317Z,8,30

2024-11-26T14:52:42.764Z,8,30

2024-11-26T14:52:43.924Z,8,30

2024-11-26T14:52:46.841Z,8,30

2024-11-26T14:52:47.590Z,8,30

2024-11-26T14:52:51.219Z,8,30

2024-11-26T14:52:52.311Z,8,30

2024-11-26T14:52:55.135Z,8,30

2024-11-26T14:52:55.866Z,8,30

2024-11-26T14:52:59.341Z,8,30

2024-11-26T14:53:00.856Z,8,30

2024-11-26T14:53:04.260Z,8,30

2024-11-26T14:53:05.315Z,8,30

2024-11-26T14:53:08.754Z,8,30

2024-11-26T14:53:09.807Z,8,30

2024-11-26T14:53:11.743Z,8,30

2024-11-26T14:53:12.774Z,8,30

2024-11-26T14:53:16.478Z,8,30

2024-11-26T14:53:17.548Z,8,30

2024-11-26T14:53:20.580Z,8,30

2024-11-26T14:53:21.504Z,8,30

2024-11-26T14:53:25.143Z,8,30

2024-11-26T14:53:25.993Z,8,30

2024-11-26T14:53:29.233Z,8,30

2024-11-26T14:53:30.083Z,8,30

2024-11-26T14:53:33.825Z,8,30

2024-11-26T14:53:34.958Z,8,30

2024-11-26T14:53:37.619Z,8,30

2024-11-26T14:53:39.748Z,8,30

2024-11-26T14:53:41.713Z,8,30

2024-11-26T14:53:44.168Z,8,30

2024-11-26T14:53:46.156Z,8,30

2024-11-26T14:53:46.314Z,8,30

2024-11-26T14:53:50.495Z,8,30

2024-11-26T14:53:51.544Z,8,30

2024-11-26T14:53:54.612Z,8,30

2024-11-26T14:53:55.665Z,8,30

2024-11-26T14:53:59.013Z,8,30

2024-11-26T14:54:00.077Z,8,30

2024-11-26T14:54:03.699Z,8,30

2024-11-26T14:54:04.442Z,8,30

2024-11-26T14:54:07.952Z,8,30

2024-11-26T14:54:08.628Z,8,30

2024-11-26T14:54:13.903Z,8,30

2024-11-26T14:54:14.739Z,8,30

2024-11-26T14:54:18.551Z,8,30

2024-11-26T14:54:19.572Z,8,30

2024-11-26T14:54:23.674Z,8,30

2024-11-26T14:54:25.353Z,8,30

2024-11-26T14:54:28.824Z,8,30

2024-11-26T14:54:31.439Z,8,30

2024-11-26T14:54:33.051Z,8,30

2024-11-26T14:54:34.064Z,8,30

2024-11-26T14:54:38.636Z,8,30

2024-11-26T14:54:39.912Z,8,30

2024-11-26T14:54:43.780Z,8,30

2024-11-26T14:54:45.158Z,8,30

2024-11-26T14:54:49.231Z,8,30

2024-11-26T14:54:50.190Z,8,30

2024-11-26T14:54:51.579Z,8,30

2024-11-26T14:54:53.105Z,8,30

2024-11-26T14:54:57.123Z,8,30

2024-11-26T14:54:57.271Z,8,30

2024-11-26T14:55:01.083Z,8,30

2024-11-26T14:55:03.524Z,8,30

2024-11-26T14:55:05.648Z,8,30

2024-11-26T14:55:07.529Z,8,30

2024-11-26T14:55:09.701Z,8,30

2024-11-26T14:55:11.030Z,8,30

2024-11-26T14:55:14.255Z,8,30

2024-11-26T14:55:15.409Z,8,30

2024-11-26T14:55:19.053Z,8,30

2024-11-26T14:55:20.757Z,8,30

2024-11-26T14:55:24.051Z,8,30

2024-11-26T14:55:25.217Z,8,30

2024-11-26T14:55:28.308Z,8,30

2024-11-26T14:55:29.614Z,8,30

2024-11-26T14:55:32.798Z,8,30

2024-11-26T14:55:34.369Z,8,30

2024-11-26T14:55:36.619Z,8,30

2024-11-26T14:55:39.550Z,8,30

2024-11-26T14:55:40.451Z,8,30

2024-11-26T14:55:42.331Z,8,30

2024-11-26T14:55:45.574Z,8,30

2024-11-26T14:55:46.482Z,8,30

2024-11-26T14:55:49.045Z,8,30

2024-11-26T14:55:50.770Z,8,30

2024-11-26T14:55:53.779Z,8,30

2024-11-26T14:55:54.781Z,8,30

2024-11-26T14:55:57.908Z,8,30

2024-11-26T14:55:59.339Z,8,30

2024-11-26T14:56:02.678Z,8,30

2024-11-26T14:56:03.531Z,8,30

2024-11-26T14:56:07.864Z,8,30

2024-11-26T14:56:08.614Z,8,30

2024-11-26T14:56:11.499Z,8,30

2024-11-26T14:56:12.983Z,8,30

2024-11-26T14:56:15.234Z,8,30

2024-11-26T14:56:16.946Z,8,30

2024-11-26T14:56:20.295Z,8,30

2024-11-26T14:56:20.628Z,8,30

2024-11-26T14:56:24.158Z,8,30

2024-11-26T14:56:25.276Z,8,30

2024-11-26T14:56:28.892Z,8,30

2024-11-26T14:56:30.275Z,8,30

2024-11-26T14:56:35.490Z,8,30

2024-11-26T14:56:37.146Z,8,30

2024-11-26T14:56:39.092Z,8,30

2024-11-26T14:56:39.092Z,8,30

2024-11-26T14:56:42.233Z,8,30

2024-11-26T14:56:44.575Z,8,30

2024-11-26T14:56:46.241Z,8,30

2024-11-26T14:56:47.349Z,8,30

2024-11-26T14:56:50.711Z,8,30

2024-11-26T14:56:52.216Z,8,30

{"records":[{"value":{"timestamp":"2024-11-27T07:13:52.054Z","temperature":24,"humidity":40}}]}
{"records":[{"value":{"timestamp":"2024-11-27T07:13:55.428Z","temperature":24,"humidity":40}}]}
{"records":[{"value":{"timestamp":"2024-11-27T07:13:59.117Z","temperature":24,"humidity":40}}]}
{"records":[{"value":{"timestamp":"2024-11-27T07:14:03.435Z","temperature":24,"humidity":40}}]}
{"records":[{"value":{"timestamp":"2024-11-27T07:14:07.098Z","temperature":24,"humidity":40}}]}
{"records":[{"value":{"timestamp":"2024-11-27T07:14:10.763Z","temperature":24,"humidity":40}}]}
{"records":[{"value":{"timestamp":"2024-11-27T07:14:14.537Z","temperature":24,"humidity":40}}]}
{"records":[{"value":{"timestamp":"2024-11-27T07:14:18.143Z","temperature":24,"humidity":40}}]}
{"records":[{"value":{"timestamp":"2024-11-27T07:14:21.865Z","temperature":24,"humidity":40}}]}
{"records":[{"value":{"timestamp":"2024-11-27T07:14:27.269Z","temperature":24,"humidity":40}}]}
{"records":[{"value":{"timestamp":"2024-11-27T07:14:28.940Z","temperature":24,"humidity":40}}]}
{"records":[{"value":{"timestamp":"2024-11-27T07:14:32.780Z","temperature":24,"humidity":40}}]}
{"records":[{"value":{"timestamp":"2024-11-27T07:14:36.371Z","temperature":24,"humidity":40}}]}
{"records":[{"value":{"timestamp":"2024-11-27T07:14:40.294Z","temperature":24,"humidity":40}}]}
{"records":[{"value":{"timestamp":"2024-11-27T07:14:44.079Z","temperature":24,"humidity":40}}]}
{"records":[{"value":{"timestamp":"2024-11-27T07:14:47.577Z","temperature":24,"humidity":40}}]}
{"records":[{"value":{"timestamp":"2024-11-27T07:14:51.137Z","temperature":24,"humidity":40}}]}
{"records":[{"value":{"timestamp":"2024-11-27T07:14:55.164Z","temperature":24,"humidity":40}}]}
{"records":[{"value":{"timestamp":"2024-11-27T07:17:35.227Z","temperature":24,"humidity":40}}]}
{"records":[{"value":{"timestamp":"2024-11-27T07:17:39.073Z","temperature":24,"humidity":40}}]}
{"records":[{"value":{"timestamp":"2024-11-27T07:17:42.581Z","temperature":24,"humidity":40}}]}
{"records":[{"value":{"timestamp":"2024-11-27T07:17:46.021Z","temperature":24,"humidity":40}}]}
{"records":[{"value":{"timestamp":"2024-11-27T07:17:49.503Z","temperature":24,"humidity":40}}]}
{"records":[{"value":{"timestamp":"2024-11-27T07:17:53.027Z","temperature":24,"humidity":40}}]}
{"records":[{"value":{"timestamp":"2024-11-27T07:17:56.477Z","temperature":24,"humidity":40}}]}
{"records":[{"value":{"timestamp":"2024-11-27T07:18:00.510Z","temperature":24,"humidity":40}}]}
{"records":[{"value":{"timestamp":"2024-11-27T07:18:03.565Z","temperature":24,"humidity":40}}]}
{"records":[{"value":{"timestamp":"2024-11-27T07:18:07.181Z","temperature":24,"humidity":40}}]}
{"records":[{"value":{"timestamp":"2024-11-27T07:18:10.727Z","temperature":24,"humidity":40}}]}
{"records":[{"value":{"timestamp":"2024-11-27T07:18:14.762Z","temperature":24,"humidity":40}}]}
{"records":[{"value":{"timestamp":"2024-11-27T07:18:18.576Z","temperature":24,"humidity":40}}]}
{"records":[{"value":{"timestamp":"2024-11-27T07:18:22.349Z","temperature":24,"humidity":40}}]}
{"records":[{"value":{"timestamp":"2024-11-27T07:18:25.898Z","temperature":24,"humidity":40}}]}
{"records":[{"value":{"timestamp":"2024-11-27T07:18:29.325Z","temperature":24,"humidity":40}}]}
{"records":[{"value":{"timestamp":"2024-11-27T07:18:33.123Z","temperature":24,"humidity":40}}]}
{"records":[{"value":{"timestamp":"2024-11-27T07:18:36.409Z","temperature":24,"humidity":40}}]}
{"records":[{"value":{"timestamp":"2024-11-27T07:18:40.770Z","temperature":24,"humidity":40}}]}
{"records":[{"value":{"timestamp":"2024-11-27T07:18:43.953Z","temperature":24,"humidity":40}}]}
{"records":[{"value":{"timestamp":"2024-11-27T07:18:47.395Z","temperature":24,"humidity":40}}]}
{"records":[{"value":{"timestamp":"2024-11-27T07:18:50.868Z","temperature":24,"humidity":40}}]}
{"records":[{"value":{"timestamp":"2024-11-27T07:18:54.699Z","temperature":24,"humidity":40}}]}
{"records":[{"value":{"timestamp":"2024-11-27T07:18:58.357Z","temperature":24,"humidity":40}}]}
{"records":[{"value":{"timestamp":"2024-11-27T07:19:01.796Z","temperature":24,"humidity":40}}]}
{"records":[{"value":{"timestamp":"2024-11-27T07:19:05.841Z","temperature":24,"humidity":40}}]}
{"records":[{"value":{"timestamp":"2024-11-27T07:19:09.520Z","temperature":24,"humidity":40}}]}
{"records":[{"value":{"timestamp":"2024-11-27T07:19:13.484Z","temperature":24,"humidity":40}}]}
{"records":[{"value":{"timestamp":"2024-11-27T07:19:17.819Z","temperature":24,"humidity":40}}]}
{"records":[{"value":{"timestamp":"2024-11-27T07:19:21.292Z","temperature":24,"humidity":40}}]}
{"records":[{"value":{"timestamp":"2024-11-27T07:19:25.499Z","temperature":24,"humidity":40}}]}
{"records":[{"value":{"timestamp":"2024-11-27T07:19:29.059Z","temperature":24,"humidity":40}}]}
{"records":[{"value":{"timestamp":"2024-11-27T07:19:32.574Z","temperature":24,"humidity":40}}]}
{"records":[{"value":{"timestamp":"2024-11-27T07:19:37.069Z","temperature":24,"humidity":40}}]}
{"records":[{"value":{"timestamp":"2024-11-27T07:19:40.383Z","temperature":24,"humidity":40}}]}
{"records":[{"value":{"timestamp":"2024-11-27T07:19:43.818Z","temperature":24,"humidity":40}}]}
{"records":[{"value":{"timestamp":"2024-11-27T07:19:47.531Z","temperature":24,"humidity":40}}]}
{"records":[{"value":{"timestamp":"2024-11-27T07:19:50.901Z","temperature":24,"humidity":40}}]}
{"records":[{"value":{"timestamp":"2024-11-27T07:19:54.344Z","temperature":24,"humidity":40}}]}
{"records":[{"value":{"timestamp":"2024-11-27T07:19:58.222Z","temperature":24,"humidity":40}}]}
{"records":[{"value":{"timestamp":"2024-11-27T07:20:02.189Z","temperature":24,"humidity":40}}]}
{"records":[{"value":{"timestamp":"2024-11-27T07:20:05.286Z","temperature":24,"humidity":40}}]}
{"records":[{"value":{"timestamp":"2024-11-27T07:20:09.326Z","temperature":24,"humidity":40}}]}
{"records":[{"value":{"timestamp":"2024-11-27T07:20:12.749Z","temperature":24,"humidity":40}}]}
{"records":[{"value":{"timestamp":"2024-11-27T07:20:16.342Z","temperature":24,"humidity":40}}]}
{"records":[{"value":{"timestamp":"2024-11-27T07:20:20.823Z","temperature":24,"humidity":40}}]}
{"records":[{"value":{"timestamp":"2024-11-27T07:20:25.221Z","temperature":24,"humidity":40}}]}
{"records":[{"value":{"timestamp":"2024-11-27T07:20:30.100Z","temperature":24,"humidity":40}}]}
{"records":[{"value":{"timestamp":"2024-11-27T07:20:33.485Z","temperature":24,"humidity":40}}]}
{"records":[{"value":{"timestamp":"2024-11-27T07:20:37.858Z","temperature":24,"humidity":40}}]}
{"records":[{"value":{"timestamp":"2024-11-27T07:20:40.149Z","temperature":24,"humidity":40}}]}
{"records":[{"value":{"timestamp":"2024-11-27T07:20:45.526Z","temperature":24,"humidity":40}}]}
{"records":[{"value":{"timestamp":"2024-11-27T07:20:47.337Z","temperature":24,"humidity":40}}]}
{"records":[{"value":{"timestamp":"2024-11-27T07:20:52.554Z","temperature":24,"humidity":40}}]}
{"records":[{"value":{"timestamp":"2024-11-27T07:20:55.178Z","temperature":24,"humidity":40}}]}
{"records":[{"value":{"timestamp":"2024-11-27T07:20:59.586Z","temperature":24,"humidity":40}}]}
{"records":[{"value":{"timestamp":"2024-11-27T07:21:01.979Z","temperature":24,"humidity":40}}]}
{"records":[{"value":{"timestamp":"2024-11-27T07:21:06.726Z","temperature":24,"humidity":40}}]}
{"records":[{"value":{"timestamp":"2024-11-27T07:21:10.343Z","temperature":24,"humidity":40}}]}
{"records":[{"value":{"timestamp":"2024-11-27T07:21:13.152Z","temperature":24,"humidity":40}}]}
{"records":[{"value":{"timestamp":"2024-11-27T07:21:17.598Z","temperature":24,"humidity":40}}]}
{"records":[{"value":{"timestamp":"2024-11-27T07:21:21.221Z","temperature":24,"humidity":40}}]}
{"records":[{"value":{"timestamp":"2024-11-27T07:21:23.951Z","temperature":24,"humidity":40}}]}
{"records":[{"value":{"timestamp":"2024-11-27T07:21:27.991Z","temperature":24,"humidity":40}}]}
{"records":[{"value":{"timestamp":"2024-11-27T07:21:33.915Z","temperature":24,"humidity":40}}]}
{"records":[{"value":{"timestamp":"2024-11-27T07:21:35.874Z","temperature":24,"humidity":40}}]}
{"records":[{"value":{"timestamp":"2024-11-27T07:21:42.339Z","temperature":24,"humidity":40}}]}
{"records":[{"value":{"timestamp":"2024-11-27T07:21:48.058Z","temperature":24,"humidity":40}}]}
{"records":[{"value":{"timestamp":"2024-11-27T07:21:51.006Z","temperature":24,"humidity":40}}]}
{"records":[{"value":{"timestamp":"2024-11-27T07:21:54.754Z","temperature":24,"humidity":40}}]}
{"records":[{"value":{"timestamp":"2024-11-27T07:21:58.622Z","temperature":24,"humidity":40}}]}
{"records":[{"value":{"timestamp":"2024-11-27T07:22:01.596Z","temperature":24,"humidity":40}}]}
{"records":[{"value":{"timestamp":"2024-11-27T07:22:04.521Z","temperature":24,"humidity":40}}]}
{"records":[{"value":{"timestamp":"2024-11-27T07:22:10.923Z","temperature":24,"humidity":40}}]}
{"records":[{"value":{"timestamp":"2024-11-27T07:22:13.648Z","temperature":24,"humidity":40}}]}
{"records":[{"value":{"timestamp":"2024-11-27T07:22:16.403Z","temperature":24,"humidity":40}}]}
{"records":[{"value":{"timestamp":"2024-11-27T07:22:20.214Z","temperature":24,"humidity":40}}]}
{"records":[{"value":{"timestamp":"2024-11-27T07:22:24.855Z","temperature":24,"humidity":40}}]}
{"records":[{"value":{"timestamp":"2024-11-27T07:22:28.703Z","temperature":24,"humidity":40}}]}
{"records":[{"value":{"timestamp":"2024-11-27T07:22:32.220Z","temperature":24,"humidity":40}}]}
{"records":[{"value":{"timestamp":"2024-11-27T07:22:36.152Z","temperature":24,"humidity":40}}]}
{"records":[{"value":{"timestamp":"2024-11-27T07:22:38.224Z","temperature":24,"humidity":40}}]}
{"records":[{"value":{"timestamp":"2024-11-27T07:22:57.719Z","temperature":24,"humidity":40}}]}
{"records":[{"value":{"timestamp":"2024-11-27T07:23:02.033Z","temperature":24,"humidity":40}}]}
{"records":[{"value":{"timestamp":"2024-11-27T07:28:42.537Z","temperature":24,"humidity":40}}]}
{"records":[{"value":{"timestamp":"2024-11-27T07:28:46.217Z","temperature":24,"humidity":40}}]}
{"records":[{"value":{"timestamp":"2024-11-27T07:28:50.247Z","temperature":24,"humidity":40}}]}
{"records":[{"value":{"timestamp":"2024-11-27T07:28:54.821Z","temperature":24,"humidity":40}}]}
{"records":[{"value":{"timestamp":"2024-11-27T07:28:59.122Z","temperature":24,"humidity":40}}]}
{"records":[{"value":{"timestamp":"2024-11-27T07:29:02.688Z","temperature":24,"humidity":40}}]}
{"records":[{"value":{"timestamp":"2024-11-27T07:29:07.013Z","temperature":24,"humidity":40}}]}
{"records":[{"value":{"timestamp":"2024-11-27T07:29:09.996Z","temperature":24,"humidity":40}}]}
{"records":[{"value":{"timestamp":"2024-11-27T07:29:13.917Z","temperature":24,"humidity":40}}]}
{"records":[{"value":{"timestamp":"2024-11-27T07:29:18.223Z","temperature":24,"humidity":40}}]}
{"records":[{"value":{"timestamp":"2024-11-27T07:29:22.164Z","temperature":24,"humidity":40}}]}
{"records":[{"value":{"timestamp":"2024-11-27T07:29:25.975Z","temperature":24,"humidity":40}}]}
{"records":[{"value":{"timestamp":"2024-11-27T07:29:30.011Z","temperature":24,"humidity":40}}]}
{"records":[{"value":{"timestamp":"2024-11-27T07:29:34.006Z","temperature":24,"humidity":40}}]}
{"records":[{"value":{"timestamp":"2024-11-27T07:29:37.842Z","temperature":24,"humidity":40}}]}
{"records":[{"value":{"timestamp":"2024-11-27T07:29:41.844Z","temperature":24,"humidity":40}}]}
{"records":[{"value":{"timestamp":"2024-11-27T07:29:45.656Z","temperature":24,"humidity":40}}]}
{"records":[{"value":{"timestamp":"2024-11-27T07:29:49.723Z","temperature":24,"humidity":40}}]}
{"records":[{"value":{"timestamp":"2024-11-27T07:29:54.792Z","temperature":24,"humidity":40}}]}
{"records":[{"value":{"timestamp":"2024-11-27T07:29:57.499Z","temperature":24,"humidity":40}}]}
{"records":[{"value":{"timestamp":"2024-11-27T07:30:01.316Z","temperature":24,"humidity":40}}]}
{"records":[{"value":{"timestamp":"2024-11-27T07:30:05.148Z","temperature":24,"humidity":40}}]}
{"records":[{"value":{"timestamp":"2024-11-27T07:30:09.228Z","temperature":24,"humidity":40}}]}
{"records":[{"value":{"timestamp":"2024-11-27T07:30:13.006Z","temperature":24,"humidity":40}}]}
{"records":[{"value":{"timestamp":"2024-11-27T07:30:16.693Z","temperature":24,"humidity":40}}]}
{"records":[{"value":{"timestamp":"2024-11-27T07:30:20.754Z","temperature":24,"humidity":40}}]}
{"records":[{"value":{"timestamp":"2024-11-27T07:30:24.696Z","temperature":24,"humidity":40}}]}
{"records":[{"value":{"timestamp":"2024-11-27T07:32:34.866Z","temperature":24,"humidity":40}}]}
{"records":[{"value":{"timestamp":"2024-11-27T07:32:38.608Z","temperature":24,"humidity":40}}]}
{"records":[{"value":{"timestamp":"2024-11-27T07:32:42.512Z","temperature":24,"humidity":40}}]}
{"records":[{"value":{"timestamp":"2024-11-27T07:32:46.454Z","temperature":24,"humidity":40}}]}
{"records":[{"value":{"timestamp":"2024-11-27T07:32:50.876Z","temperature":24,"humidity":40}}]}
{"records":[{"value":{"timestamp":"2024-11-27T07:32:54.957Z","temperature":24,"humidity":40}}]}
{"records":[{"value":{"timestamp":"2024-11-27T07:32:58.846Z","temperature":24,"humidity":40}}]}
{"records":[{"value":{"timestamp":"2024-11-27T07:33:02.567Z","temperature":24,"humidity":40}}]}
{"records":[{"value":{"timestamp":"2024-11-27T07:33:06.552Z","temperature":24,"humidity":40}}]}
{"records":[{"value":{"timestamp":"2024-11-27T07:33:10.658Z","temperature":24,"humidity":40}}]}
{"records":[{"value":{"timestamp":"2024-11-27T07:33:14.491Z","temperature":24,"humidity":40}}]}
{"records":[{"value":{"timestamp":"2024-11-27T07:33:18.501Z","temperature":24,"humidity":40}}]}
{"records":[{"value":{"timestamp":"2024-11-27T07:33:22.392Z","temperature":24,"humidity":40}}]}
{"records":[{"value":{"timestamp":"2024-11-27T07:33:26.704Z","temperature":24,"humidity":40}}]}
{"records":[{"value":{"timestamp":"2024-11-27T07:33:30.484Z","temperature":24,"humidity":40}}]}
{"records":[{"value":{"timestamp":"2024-11-27T07:33:34.494Z","temperature":24,"humidity":40}}]}
{"records":[{"value":{"timestamp":"2024-11-27T07:33:38.347Z","temperature":24,"humidity":40}}]}
{"records":[{"value":{"timestamp":"2024-11-27T07:33:42.514Z","temperature":24,"humidity":40}}]}
{"records":[{"value":{"timestamp":"2024-11-27T07:33:46.693Z","temperature":24,"humidity":40}}]}
{"records":[{"value":{"timestamp":"2024-11-27T07:33:50.476Z","temperature":24,"humidity":40}}]}
{"records":[{"value":{"timestamp":"2024-11-27T07:33:54.650Z","temperature":24,"humidity":40}}]}
{"records":[{"value":{"timestamp":"2024-11-27T07:33:58.746Z","temperature":24,"humidity":40}}]}
{"records":[{"value":{"timestamp":"2024-11-27T07:34:02.864Z","temperature":24,"humidity":40}}]}
{"records":[{"value":{"timestamp":"2024-11-27T07:34:06.534Z","temperature":24,"humidity":40}}]}
{"records":[{"value":{"timestamp":"2024-11-27T07:34:10.575Z","temperature":24,"humidity":40}}]}
{"records":[{"value":{"timestamp":"2024-11-27T07:34:14.424Z","temperature":24,"humidity":40}}]}
{"records":[{"value":{"timestamp":"2024-11-27T07:34:18.180Z","temperature":24,"humidity":40}}]}
{"records":[{"value":{"timestamp":"2024-11-27T07:34:22.574Z","temperature":24,"humidity":40}}]}
{"records":[{"value":{"timestamp":"2024-11-27T07:34:25.899Z","temperature":24,"humidity":40}}]}
{"records":[{"value":{"timestamp":"2024-11-27T07:34:29.807Z","temperature":24,"humidity":40}}]}
{"records":[{"value":{"timestamp":"2024-11-27T07:34:33.773Z","temperature":24,"humidity":40}}]}
{"records":[{"value":{"timestamp":"2024-11-27T07:34:37.926Z","temperature":24,"humidity":40}}]}
{"records":[{"value":{"timestamp":"2024-11-27T07:34:41.620Z","temperature":24,"humidity":40}}]}
{"records":[{"value":{"timestamp":"2024-11-27T07:34:45.673Z","temperature":24,"humidity":40}}]}
{"records":[{"value":{"timestamp":"2024-11-27T07:34:49.784Z","temperature":24,"humidity":40}}]}
{"records":[{"value":{"timestamp":"2024-11-27T07:34:53.691Z","temperature":24,"humidity":40}}]}
{"records":[{"value":{"timestamp":"2024-11-27T07:34:57.666Z","temperature":24,"humidity":40}}]}
{"records":[{"value":{"timestamp":"2024-11-27T07:35:01.671Z","temperature":24,"humidity":40}}]}
{"records":[{"value":{"timestamp":"2024-11-27T07:35:06.201Z","temperature":24,"humidity":40}}]}
{"records":[{"value":{"timestamp":"2024-11-27T07:35:10.358Z","temperature":24,"humidity":40}}]}
{"records":[{"value":{"timestamp":"2024-11-27T07:35:13.826Z","temperature":24,"humidity":40}}]}
{"records":[{"value":{"timestamp":"2024-11-27T07:35:17.860Z","temperature":24,"humidity":40}}]}
{"records":[{"value":{"timestamp":"2024-11-27T07:35:21.907Z","temperature":24,"humidity":40}}]}
{"records":[{"value":{"timestamp":"2024-11-27T07:35:26.076Z","temperature":24,"humidity":40}}]}
{"records":[{"value":{"timestamp":"2024-11-27T07:35:29.979Z","temperature":24,"humidity":40}}]}
{"records":[{"value":{"timestamp":"2024-11-27T07:35:34.034Z","temperature":24,"humidity":40}}]}
{"records":[{"value":{"timestamp":"2024-11-27T07:35:38.088Z","temperature":24,"humidity":40}}]}
{"records":[{"value":{"timestamp":"2024-11-27T07:35:41.827Z","temperature":24,"humidity":40}}]}
{"records":[{"value":{"timestamp":"2024-11-27T07:35:45.861Z","temperature":24,"humidity":40}}]}
{"records":[{"value":{"timestamp":"2024-11-27T07:35:50.123Z","temperature":24,"humidity":40}}]}
{"records":[{"value":{"timestamp":"2024-11-27T07:35:54.498Z","temperature":24,"humidity":40}}]}
{"records":[{"value":{"timestamp":"2024-11-27T07:35:58.543Z","temperature":24,"humidity":40}}]}
{"records":[{"value":{"timestamp":"2024-11-27T07:36:02.629Z","temperature":24,"humidity":40}}]}
{"records":[{"value":{"timestamp":"2024-11-27T07:36:06.649Z","temperature":24,"humidity":40}}]}
{"records":[{"value":{"timestamp":"2024-11-27T07:36:10.772Z","temperature":24,"humidity":40}}]}
{"records":[{"value":{"timestamp":"2024-11-27T07:36:15.061Z","temperature":24,"humidity":40}}]}
{"records":[{"value":{"timestamp":"2024-11-27T07:36:19.531Z","temperature":24,"humidity":40}}]}
{"records":[{"value":{"timestamp":"2024-11-27T07:36:23.539Z","temperature":24,"humidity":40}}]}
{"records":[{"value":{"timestamp":"2024-11-27T07:36:27.517Z","temperature":24,"humidity":40}}]}
{"records":[{"value":{"timestamp":"2024-11-27T07:36:31.854Z","temperature":24,"humidity":40}}]}
{"records":[{"value":{"timestamp":"2024-11-27T07:36:35.638Z","temperature":24,"humidity":40}}]}
{"records":[{"value":{"timestamp":"2024-11-27T07:36:39.895Z","temperature":24,"humidity":40}}]}
{"records":[{"value":{"timestamp":"2024-11-27T07:36:43.302Z","temperature":24,"humidity":40}}]}
{"records":[{"value":{"timestamp":"2024-11-27T07:36:47.023Z","temperature":24,"humidity":40}}]}
{"records":[{"value":{"timestamp":"2024-11-27T07:36:51.095Z","temperature":24,"humidity":40}}]}
{"records":[{"value":{"timestamp":"2024-11-27T07:36:54.848Z","temperature":24,"humidity":40}}]}
{"records":[{"value":{"timestamp":"2024-11-27T07:36:58.757Z","temperature":24,"humidity":40}}]}
{"records":[{"value":{"timestamp":"2024-11-27T07:37:02.845Z","temperature":24,"humidity":40}}]}
{"records":[{"value":{"timestamp":"2024-11-27T07:37:07.016Z","temperature":24,"humidity":40}}]}
{"records":[{"value":{"timestamp":"2024-11-27T07:37:10.876Z","temperature":24,"humidity":40}}]}
{"records":[{"value":{"timestamp":"2024-11-27T07:37:14.893Z","temperature":24,"humidity":40}}]}
{"records":[{"value":{"timestamp":"2024-11-27T07:37:19.103Z","temperature":24,"humidity":40}}]}
{"records":[{"value":{"timestamp":"2024-11-27T07:37:23.760Z","temperature":24,"humidity":40}}]}
{"records":[{"value":{"timestamp":"2024-11-27T07:37:28.062Z","temperature":24,"humidity":40}}]}
{"records":[{"value":{"timestamp":"2024-11-27T07:37:32.315Z","temperature":24,"humidity":40}}]}
{"records":[{"value":{"timestamp":"2024-11-27T07:37:37.050Z","temperature":24,"humidity":40}}]}
{"records":[{"value":{"timestamp":"2024-11-27T07:37:40.629Z","temperature":24,"humidity":40}}]}
{"records":[{"value":{"timestamp":"2024-11-27T07:37:44.381Z","temperature":24,"humidity":40}}]}
{"records":[{"value":{"timestamp":"2024-11-27T07:37:48.070Z","temperature":24,"humidity":40}}]}
{"records":[{"value":{"timestamp":"2024-11-27T07:37:52.629Z","temperature":24,"humidity":40}}]}
{"records":[{"value":{"timestamp":"2024-11-27T07:37:56.372Z","temperature":24,"humidity":40}}]}
{"records":[{"value":{"timestamp":"2024-11-27T07:38:00.081Z","temperature":24,"humidity":40}}]}
{"records":[{"value":{"timestamp":"2024-11-27T07:38:04.264Z","temperature":24,"humidity":40}}]}
{"records":[{"value":{"timestamp":"2024-11-27T07:38:08.092Z","temperature":24,"humidity":40}}]}
{"records":[{"value":{"timestamp":"2024-11-27T07:45:49.976Z","temperature":24,"humidity":40}}]}
{"records":[{"value":{"timestamp":"2024-11-27T07:47:48.877Z","temperature":24,"humidity":40}}]}
{"records":[{"value":{"timestamp":"2024-11-27T07:47:52.798Z","temperature":24,"humidity":40}}]}
{"records":[{"value":{"timestamp":"2024-11-27T07:47:56.542Z","temperature":24,"humidity":40}}]}
{"records":[{"value":{"timestamp":"2024-11-27T07:48:00.203Z","temperature":24,"humidity":40}}]}
{"records":[{"value":{"timestamp":"2024-11-27T07:48:03.780Z","temperature":24,"humidity":40}}]}
{"records":[{"value":{"timestamp":"2024-11-27T07:48:07.805Z","temperature":24,"humidity":40}}]}
{"records":[{"value":{"timestamp":"2024-11-27T07:48:11.422Z","temperature":24,"humidity":40}}]}
{"records":[{"value":{"timestamp":"2024-11-27T07:48:14.817Z","temperature":24,"humidity":40}}]}
{"records":[{"value":{"timestamp":"2024-11-27T07:48:18.383Z","temperature":24,"humidity":40}}]}
{"records":[{"value":{"timestamp":"2024-11-27T07:48:22.863Z","temperature":24,"humidity":40}}]}
{"records":[{"value":{"timestamp":"2024-11-27T07:52:21.723Z","temperature":24,"humidity":40}}]}
{"records":[{"value":{"timestamp":"2024-11-27T07:52:25.185Z","temperature":24,"humidity":40}}]}
{"records":[{"value":{"timestamp":"2024-11-27T07:52:28.552Z","temperature":24,"humidity":40}}]}
{"records":[{"value":{"timestamp":"2024-11-27T07:52:32.032Z","temperature":24,"humidity":40}}]}
{"records":[{"value":{"timestamp":"2024-11-27T07:52:35.371Z","temperature":24,"humidity":40}}]}
{"records":[{"value":{"timestamp":"2024-11-27T07:52:39.122Z","temperature":24,"humidity":40}}]}
{"records":[{"value":{"timestamp":"2024-11-27T07:52:42.566Z","temperature":24,"humidity":40}}]}
{"records":[{"value":{"timestamp":"2024-11-27T07:52:46.140Z","temperature":24,"humidity":40}}]}
{"records":[{"value":{"timestamp":"2024-11-27T07:52:50.059Z","temperature":24,"humidity":40}}]}
{"records":[{"value":{"timestamp":"2024-11-27T07:53:29.053Z","temperature":24,"humidity":40}}]}
{"records":[{"value":{"timestamp":"2024-11-27T07:53:32.730Z","temperature":24,"humidity":40}}]}
{"records":[{"value":{"timestamp":"2024-11-27T07:53:36.034Z","temperature":24,"humidity":40}}]}
{"records":[{"value":{"timestamp":"2024-11-27T07:53:39.974Z","temperature":24,"humidity":40}}]}
{"records":[{"value":{"timestamp":"2024-11-27T07:53:43.223Z","temperature":24,"humidity":40}}]}
{"records":[{"value":{"timestamp":"2024-11-27T07:53:46.731Z","temperature":24,"humidity":40}}]}
{"records":[{"value":{"timestamp":"2024-11-27T07:53:50.323Z","temperature":24,"humidity":40}}]}
{"records":[{"value":{"timestamp":"2024-11-27T07:53:53.488Z","temperature":24,"humidity":40}}]}
{"records":[{"value":{"timestamp":"2024-11-27T07:53:56.924Z","temperature":24,"humidity":40}}]}
{"records":[{"value":{"timestamp":"2024-11-27T07:54:00.756Z","temperature":24,"humidity":40}}]}
{"records":[{"value":{"timestamp":"2024-11-27T07:54:04.250Z","temperature":24,"humidity":40}}]}
{"records":[{"value":{"timestamp":"2024-11-27T07:54:08.368Z","temperature":24,"humidity":40}}]}
{"records":[{"value":{"timestamp":"2024-11-27T07:54:11.708Z","temperature":24,"humidity":40}}]}
{"records":[{"value":{"timestamp":"2024-11-27T07:54:16.880Z","temperature":24,"humidity":40}}]}
{"records":[{"value":{"timestamp":"2024-11-27T07:54:19.358Z","temperature":24,"humidity":40}}]}
{"records":[{"value":{"timestamp":"2024-11-27T07:54:22.803Z","temperature":24,"humidity":40}}]}
{"records":[{"value":{"timestamp":"2024-11-27T07:54:26.219Z","temperature":24,"humidity":40}}]}
{"records":[{"value":{"timestamp":"2024-11-27T07:54:29.947Z","temperature":24,"humidity":40}}]}
{"records":[{"value":{"timestamp":"2024-11-27T07:54:33.655Z","temperature":24,"humidity":40}}]}
{"records":[{"value":{"timestamp":"2024-11-27T07:54:37.055Z","temperature":24,"humidity":40}}]}
{"records":[{"value":{"timestamp":"2024-11-27T07:54:40.839Z","temperature":24,"humidity":40}}]}
{"records":[{"value":{"timestamp":"2024-11-27T07:54:44.535Z","temperature":24,"humidity":40}}]}
{"records":[{"value":{"timestamp":"2024-11-27T07:54:47.968Z","temperature":24,"humidity":40}}]}
{"records":[{"value":{"timestamp":"2024-11-27T07:54:51.822Z","temperature":24,"humidity":40}}]}
{"records":[{"value":{"timestamp":"2024-11-27T07:54:55.373Z","temperature":24,"humidity":40}}]}
{"records":[{"value":{"timestamp":"2024-11-27T07:54:58.976Z","temperature":24,"humidity":40}}]}
{"records":[{"value":{"timestamp":"2024-11-27T07:55:02.850Z","temperature":24,"humidity":40}}]}
{"records":[{"value":{"timestamp":"2024-11-27T07:55:52.807Z","temperature":24,"humidity":40}}]}
{"records":[{"value":{"timestamp":"2024-11-27T07:55:56.576Z","temperature":24,"humidity":40}}]}
{"records":[{"value":{"timestamp":"2024-11-27T07:55:59.712Z","temperature":24,"humidity":40}}]}
{"records":[{"value":{"timestamp":"2024-11-27T07:56:03.365Z","temperature":24,"humidity":40}}]}
{"records":[{"value":{"timestamp":"2024-11-27T07:56:07.013Z","temperature":24,"humidity":40}}]}
{"records":[{"value":{"timestamp":"2024-11-27T07:56:10.887Z","temperature":24,"humidity":40}}]}
{"records":[{"value":{"timestamp":"2024-11-27T07:56:14.536Z","temperature":24,"humidity":40}}]}
{"records":[{"value":{"timestamp":"2024-11-27T07:56:18.346Z","temperature":24,"humidity":40}}]}
{"records":[{"value":{"timestamp":"2024-11-27T07:56:22.984Z","temperature":24,"humidity":40}}]}
{"records":[{"value":{"timestamp":"2024-11-27T07:56:27.844Z","temperature":24,"humidity":40}}]}
{"records":[{"value":{"timestamp":"2024-11-27T07:56:31.814Z","temperature":24,"humidity":40}}]}
{"records":[{"value":{"timestamp":"2024-11-27T07:56:35.604Z","temperature":24,"humidity":40}}]}
{"records":[{"value":{"timestamp":"2024-11-27T07:56:38.998Z","temperature":24,"humidity":40}}]}
{"records":[{"value":{"timestamp":"2024-11-27T07:56:42.907Z","temperature":24,"humidity":40}}]}
{"records":[{"value":{"timestamp":"2024-11-27T07:56:46.394Z","temperature":24,"humidity":40}}]}
{"records":[{"value":{"timestamp":"2024-11-27T07:56:50.330Z","temperature":24,"humidity":40}}]}
{"records":[{"value":{"timestamp":"2024-11-27T07:56:53.757Z","temperature":24,"humidity":40}}]}
{"records":[{"value":{"timestamp":"2024-11-27T07:56:57.285Z","temperature":24,"humidity":40}}]}
{"records":[{"value":{"timestamp":"2024-11-27T07:57:01.553Z","temperature":24,"humidity":40}}]}
{"records":[{"value":{"timestamp":"2024-11-27T07:57:06.029Z","temperature":24,"humidity":40}}]}
{"records":[{"value":{"timestamp":"2024-11-27T07:57:09.834Z","temperature":24,"humidity":40}}]}
{"records":[{"value":{"timestamp":"2024-11-27T07:57:12.595Z","temperature":24,"humidity":40}}]}
{"records":[{"value":{"timestamp":"2024-11-27T07:57:16.422Z","temperature":24,"humidity":40}}]}
{"records":[{"value":{"timestamp":"2024-11-27T07:57:20.173Z","temperature":24,"humidity":40}}]}
{"records":[{"value":{"timestamp":"2024-11-27T07:57:23.696Z","temperature":24,"humidity":40}}]}
{"records":[{"value":{"timestamp":"2024-11-27T07:57:27.466Z","temperature":24,"humidity":40}}]}
{"records":[{"value":{"timestamp":"2024-11-27T07:57:31.025Z","temperature":24,"humidity":40}}]}
{"records":[{"value":{"timestamp":"2024-11-27T07:57:34.646Z","temperature":24,"humidity":40}}]}
{"records":[{"value":{"timestamp":"2024-11-27T07:57:38.328Z","temperature":24,"humidity":40}}]}
{"records":[{"value":{"timestamp":"2024-11-27T07:57:41.944Z","temperature":24,"humidity":40}}]}
{"records":[{"value":{"timestamp":"2024-11-27T07:57:45.639Z","temperature":24,"humidity":40}}]}
{"records":[{"value":{"timestamp":"2024-11-27T07:57:49.215Z","temperature":24,"humidity":40}}]}
{"records":[{"value":{"timestamp":"2024-11-27T07:57:52.679Z","temperature":24,"humidity":40}}]}
{"records":[{"value":{"timestamp":"2024-11-27T07:57:56.136Z","temperature":24,"humidity":40}}]}
{"records":[{"value":{"timestamp":"2024-11-27T07:57:59.767Z","temperature":24,"humidity":40}}]}
{"records":[{"value":{"timestamp":"2024-11-27T07:58:03.471Z","temperature":24,"humidity":40}}]}
{"records":[{"value":{"timestamp":"2024-11-27T07:58:07.177Z","temperature":24,"humidity":40}}]}
{"records":[{"value":{"timestamp":"2024-11-27T07:58:10.581Z","temperature":24,"humidity":40}}]}
{"records":[{"value":{"timestamp":"2024-11-27T07:58:14.266Z","temperature":24,"humidity":40}}]}
{"records":[{"value":{"timestamp":"2024-11-27T07:58:18.020Z","temperature":24,"humidity":40}}]}
{"records":[{"value":{"timestamp":"2024-11-27T07:58:22.142Z","temperature":24,"humidity":40}}]}
{"records":[{"value":{"timestamp":"2024-11-27T07:58:25.794Z","temperature":24,"humidity":40}}]}
{"records":[{"value":{"timestamp":"2024-11-27T07:58:29.727Z","temperature":24,"humidity":40}}]}
{"records":[{"value":{"timestamp":"2024-11-27T07:58:33.426Z","temperature":24,"humidity":40}}]}
{"records":[{"value":{"timestamp":"2024-11-27T07:58:37.667Z","temperature":24,"humidity":40}}]}
{"records":[{"value":{"timestamp":"2024-11-27T07:58:41.450Z","temperature":24,"humidity":40}}]}
{"records":[{"value":{"timestamp":"2024-11-27T07:58:45.464Z","temperature":24,"humidity":40}}]}
{"records":[{"value":{"timestamp":"2024-11-27T07:59:33.248Z","temperature":24,"humidity":40}}]}
{"records":[{"value":{"timestamp":"2024-11-27T07:59:36.509Z","temperature":24,"humidity":40}}]}
{"records":[{"value":{"timestamp":"2024-11-27T07:59:40.074Z","temperature":24,"humidity":40}}]}
{"records":[{"value":{"timestamp":"2024-11-27T07:59:43.840Z","temperature":24,"humidity":40}}]}
{"records":[{"value":{"timestamp":"2024-11-27T07:59:47.619Z","temperature":24,"humidity":40}}]}
{"records":[{"value":{"timestamp":"2024-11-27T07:59:51.160Z","temperature":24,"humidity":40}}]}
{"records":[{"value":{"timestamp":"2024-11-27T07:59:54.709Z","temperature":24,"humidity":40}}]}
{"records":[{"value":{"timestamp":"2024-11-27T07:59:58.442Z","temperature":24,"humidity":40}}]}
{"records":[{"value":{"timestamp":"2024-11-27T08:00:02.067Z","temperature":24,"humidity":40}}]}
{"records":[{"value":{"timestamp":"2024-11-27T08:00:05.687Z","temperature":24,"humidity":40}}]}
{"records":[{"value":{"timestamp":"2024-11-27T08:00:09.716Z","temperature":24,"humidity":40}}]}
{"records":[{"value":{"timestamp":"2024-11-27T08:00:14.504Z","temperature":24,"humidity":40}}]}
{"records":[{"value":{"timestamp":"2024-11-27T08:00:17.813Z","temperature":24,"humidity":40}}]}
{"records":[{"value":{"timestamp":"2024-11-27T08:00:20.804Z","temperature":24,"humidity":40}}]}
{"records":[{"value":{"timestamp":"2024-11-27T08:00:24.451Z","temperature":24,"humidity":40}}]}
{"records":[{"value":{"timestamp":"2024-11-27T08:00:27.861Z","temperature":24,"humidity":40}}]}
{"records":[{"value":{"timestamp":"2024-11-27T08:00:31.440Z","temperature":24,"humidity":40}}]}
{"records":[{"value":{"timestamp":"2024-11-27T08:00:35.131Z","temperature":24,"humidity":40}}]}
{"records":[{"value":{"timestamp":"2024-11-27T08:00:38.836Z","temperature":24,"humidity":40}}]}
{"records":[{"value":{"timestamp":"2024-11-27T08:00:42.503Z","temperature":24,"humidity":40}}]}
{"records":[{"value":{"timestamp":"2024-11-27T08:00:46.127Z","temperature":24,"humidity":40}}]}
{"records":[{"value":{"timestamp":"2024-11-27T08:00:49.792Z","temperature":24,"humidity":40}}]}
{"records":[{"value":{"timestamp":"2024-11-27T08:00:54.297Z","temperature":24,"humidity":40}}]}
{"records":[{"value":{"timestamp":"2024-11-27T08:00:57.967Z","temperature":24,"humidity":40}}]}
{"records":[{"value":{"timestamp":"2024-11-27T08:01:01.538Z","temperature":24,"humidity":40}}]}
{"records":[{"value":{"timestamp":"2024-11-27T08:01:05.341Z","temperature":24,"humidity":40}}]}
{"records":[{"value":{"timestamp":"2024-11-27T08:01:09.121Z","temperature":24,"humidity":40}}]}
{"records":[{"value":{"timestamp":"2024-11-27T08:01:12.897Z","temperature":24,"humidity":40}}]}
{"records":[{"value":{"timestamp":"2024-11-27T08:01:16.256Z","temperature":24,"humidity":40}}]}
{"records":[{"value":{"timestamp":"2024-11-27T08:01:20.006Z","temperature":24,"humidity":40}}]}
{"records":[{"value":{"timestamp":"2024-11-27T08:01:23.791Z","temperature":24,"humidity":40}}]}
{"records":[{"value":{"timestamp":"2024-11-27T08:01:27.538Z","temperature":24,"humidity":40}}]}
{"records":[{"value":{"timestamp":"2024-11-27T08:01:31.011Z","temperature":24,"humidity":40}}]}
{"records":[{"value":{"timestamp":"2024-11-27T08:01:34.505Z","temperature":24,"humidity":40}}]}
{"records":[{"value":{"timestamp":"2024-11-27T08:01:38.477Z","temperature":24,"humidity":40}}]}
{"records":[{"value":{"timestamp":"2024-11-27T08:01:42.431Z","temperature":24,"humidity":40}}]}
{"records":[{"value":{"timestamp":"2024-11-27T08:01:45.451Z","temperature":24,"humidity":40}}]}
{"records":[{"value":{"timestamp":"2024-11-27T08:01:49.099Z","temperature":24,"humidity":40}}]}
{"records":[{"value":{"timestamp":"2024-11-27T08:01:52.503Z","temperature":24,"humidity":40}}]}
{"records":[{"value":{"timestamp":"2024-11-27T08:01:56.333Z","temperature":24,"humidity":40}}]}
{"records":[{"value":{"timestamp":"2024-11-27T08:01:59.939Z","temperature":24,"humidity":40}}]}
{"records":[{"value":{"timestamp":"2024-11-27T08:02:04.112Z","temperature":24,"humidity":40}}]}
{"records":[{"value":{"timestamp":"2024-11-27T08:02:19.655Z","temperature":24,"humidity":40}}]}
{"records":[{"value":{"timestamp":"2024-11-27T08:02:23.332Z","temperature":24,"humidity":40}}]}
{"records":[{"value":{"timestamp":"2024-11-27T08:03:17.277Z","temperature":24,"humidity":40}}]}
{"records":[{"value":{"timestamp":"2024-11-27T08:03:21.267Z","temperature":24,"humidity":40}}]}
{"records":[{"value":{"timestamp":"2024-11-27T08:03:25.321Z","temperature":24,"humidity":40}}]}
{"records":[{"value":{"timestamp":"2024-11-27T08:03:29.285Z","temperature":24,"humidity":40}}]}
{"records":[{"value":{"timestamp":"2024-11-27T08:03:33.720Z","temperature":24,"humidity":40}}]}
{"records":[{"value":{"timestamp":"2024-11-27T08:03:37.187Z","temperature":24,"humidity":40}}]}
{"records":[{"value":{"timestamp":"2024-11-27T08:03:41.969Z","temperature":24,"humidity":40}}]}
{"records":[{"value":{"timestamp":"2024-11-27T08:03:45.775Z","temperature":24,"humidity":40}}]}
{"records":[{"value":{"timestamp":"2024-11-27T08:03:49.384Z","temperature":24,"humidity":40}}]}
{"records":[{"value":{"timestamp":"2024-11-27T08:03:53.262Z","temperature":24,"humidity":40}}]}
{"records":[{"value":{"timestamp":"2024-11-27T08:05:37.346Z","temperature":24,"humidity":40}}]}
{"records":[{"value":{"timestamp":"2024-11-27T08:05:40.704Z","temperature":24,"humidity":40}}]}
{"records":[{"value":{"timestamp":"2024-11-27T08:05:44.458Z","temperature":24,"humidity":40}}]}
{"records":[{"value":{"timestamp":"2024-11-27T08:05:48.263Z","temperature":24,"humidity":40}}]}
{"records":[{"value":{"timestamp":"2024-11-27T08:05:52.083Z","temperature":24,"humidity":40}}]}
{"records":[{"value":{"timestamp":"2024-11-27T08:05:56.210Z","temperature":24,"humidity":40}}]}
{"records":[{"value":{"timestamp":"2024-11-27T08:05:59.515Z","temperature":24,"humidity":40}}]}
{"records":[{"value":{"timestamp":"2024-11-27T08:06:03.029Z","temperature":24,"humidity":40}}]}
{"records":[{"value":{"timestamp":"2024-11-27T08:06:06.910Z","temperature":24,"humidity":40}}]}
{"records":[{"value":{"timestamp":"2024-11-27T08:06:09.752Z","temperature":24,"humidity":40}}]}
{"records":[{"value":{"timestamp":"2024-11-27T08:06:13.553Z","temperature":24,"humidity":40}}]}
{"records":[{"value":{"timestamp":"2024-11-27T08:06:17.070Z","temperature":24,"humidity":40}}]}
{"records":[{"value":{"timestamp":"2024-11-27T08:06:20.466Z","temperature":24,"humidity":40}}]}
{"records":[{"value":{"timestamp":"2024-11-27T08:06:24.408Z","temperature":24,"humidity":40}}]}
{"records":[{"value":{"timestamp":"2024-11-27T08:06:28.351Z","temperature":24,"humidity":40}}]}
{"records":[{"value":{"timestamp":"2024-11-27T08:06:31.907Z","temperature":24,"humidity":40}}]}
{"records":[{"value":{"timestamp":"2024-11-27T08:06:35.453Z","temperature":24,"humidity":40}}]}
{"records":[{"value":{"timestamp":"2024-11-27T08:06:38.609Z","temperature":24,"humidity":40}}]}
{"records":[{"value":{"timestamp":"2024-11-27T08:06:42.356Z","temperature":24,"humidity":40}}]}
{"records":[{"value":{"timestamp":"2024-11-27T08:06:45.912Z","temperature":24,"humidity":40}}]}
{"records":[{"value":{"timestamp":"2024-11-27T08:06:49.748Z","temperature":24,"humidity":40}}]}
{"records":[{"value":{"timestamp":"2024-11-27T08:06:53.453Z","temperature":24,"humidity":40}}]}
{"records":[{"value":{"timestamp":"2024-11-27T08:06:57.576Z","temperature":24,"humidity":40}}]}
{"records":[{"value":{"timestamp":"2024-11-27T08:07:01.134Z","temperature":24,"humidity":40}}]}
{"records":[{"value":{"timestamp":"2024-11-27T08:07:04.831Z","temperature":24,"humidity":40}}]}
{"records":[{"value":{"timestamp":"2024-11-27T08:07:08.855Z","temperature":24,"humidity":40}}]}
{"records":[{"value":{"timestamp":"2024-11-27T08:07:11.958Z","temperature":24,"humidity":40}}]}
{"records":[{"value":{"timestamp":"2024-11-27T08:07:15.533Z","temperature":24,"humidity":40}}]}
{"records":[{"value":{"timestamp":"2024-11-27T08:07:18.528Z","temperature":24,"humidity":40}}]}
{"records":[{"value":{"timestamp":"2024-11-27T08:07:22.018Z","temperature":24,"humidity":40}}]}
{"records":[{"value":{"timestamp":"2024-11-27T08:10:34.319Z","temperature":24,"humidity":40}}]}
{"records":[{"value":{"timestamp":"2024-11-27T08:10:37.766Z","temperature":24,"humidity":40}}]}
{"records":[{"value":{"timestamp":"2024-11-27T08:10:41.470Z","temperature":24,"humidity":40}}]}
{"records":[{"value":{"timestamp":"2024-11-27T08:10:45.223Z","temperature":24,"humidity":40}}]}
{"records":[{"value":{"timestamp":"2024-11-27T08:10:48.767Z","temperature":24,"humidity":40}}]}
{"records":[{"value":{"timestamp":"2024-11-27T08:10:53.163Z","temperature":24,"humidity":40}}]}
{"records":[{"value":{"timestamp":"2024-11-27T08:10:56.224Z","temperature":24,"humidity":40}}]}
{"records":[{"value":{"timestamp":"2024-11-27T08:10:59.709Z","temperature":24,"humidity":40}}]}
{"records":[{"value":{"timestamp":"2024-11-27T08:11:03.625Z","temperature":24,"humidity":40}}]}
{"records":[{"value":{"timestamp":"2024-11-27T08:11:07.961Z","temperature":24,"humidity":40}}]}
{"records":[{"value":{"timestamp":"2024-11-27T08:11:11.529Z","temperature":24,"humidity":40}}]}
{"records":[{"value":{"timestamp":"2024-11-27T08:11:15.594Z","temperature":24,"humidity":40}}]}
{"records":[{"value":{"timestamp":"2024-11-27T08:11:19.249Z","temperature":24,"humidity":40}}]}
{"records":[{"value":{"timestamp":"2024-11-27T08:12:50.077Z","temperature":24,"humidity":40}}]}
{"records":[{"value":{"timestamp":"2024-11-27T08:12:53.457Z","temperature":24,"humidity":40}}]}
{"records":[{"value":{"timestamp":"2024-11-27T08:12:56.949Z","temperature":24,"humidity":40}}]}
{"records":[{"value":{"timestamp":"2024-11-27T08:13:00.431Z","temperature":24,"humidity":40}}]}
{"records":[{"value":{"timestamp":"2024-11-27T08:13:03.815Z","temperature":24,"humidity":40}}]}
{"records":[{"value":{"timestamp":"2024-11-27T08:13:07.304Z","temperature":24,"humidity":40}}]}
{"records":[{"value":{"timestamp":"2024-11-27T08:13:11.307Z","temperature":24,"humidity":40}}]}
{"records":[{"value":{"timestamp":"2024-11-27T08:13:14.615Z","temperature":24,"humidity":40}}]}
{"records":[{"value":{"timestamp":"2024-11-27T08:13:18.492Z","temperature":24,"humidity":40}}]}
{"records":[{"value":{"timestamp":"2024-11-27T08:13:21.936Z","temperature":24,"humidity":40}}]}
{"records":[{"value":{"timestamp":"2024-11-27T08:13:25.676Z","temperature":24,"humidity":40}}]}
{"records":[{"value":{"timestamp":"2024-11-27T08:13:29.336Z","temperature":24,"humidity":40}}]}
{"records":[{"value":{"timestamp":"2024-11-27T08:13:32.826Z","temperature":24,"humidity":40}}]}
{"records":[{"value":{"timestamp":"2024-11-27T08:13:36.491Z","temperature":24,"humidity":40}}]}
{"records":[{"value":{"timestamp":"2024-11-27T08:13:40.182Z","temperature":24,"humidity":40}}]}
{"records":[{"value":{"timestamp":"2024-11-27T08:13:44.287Z","temperature":24,"humidity":40}}]}
{"records":[{"value":{"timestamp":"2024-11-27T08:13:48.375Z","temperature":24,"humidity":40}}]}
{"records":[{"value":{"timestamp":"2024-11-27T08:13:52.109Z","temperature":24,"humidity":40}}]}
{"records":[{"value":{"timestamp":"2024-11-27T08:13:56.228Z","temperature":24,"humidity":40}}]}
{"records":[{"value":{"timestamp":"2024-11-27T08:13:59.804Z","temperature":24,"humidity":40}}]}
{"records":[{"value":{"timestamp":"2024-11-27T08:14:03.933Z","temperature":24,"humidity":40}}]}
{"records":[{"value":{"timestamp":"2024-11-27T08:14:08.351Z","temperature":24,"humidity":40}}]}
{"records":[{"value":{"timestamp":"2024-11-27T08:14:11.320Z","temperature":24,"humidity":40}}]}
{"records":[{"value":{"timestamp":"2024-11-27T08:14:14.825Z","temperature":24,"humidity":40}}]}
{"records":[{"value":{"timestamp":"2024-11-27T08:14:18.202Z","temperature":24,"humidity":40}}]}
{"records":[{"value":{"timestamp":"2024-11-27T08:14:21.730Z","temperature":24,"humidity":40}}]}
{"records":[{"value":{"timestamp":"2024-11-27T08:14:25.809Z","temperature":24,"humidity":40}}]}
{"records":[{"value":{"timestamp":"2024-11-27T08:14:29.282Z","temperature":24,"humidity":40}}]}
{"records":[{"value":{"timestamp":"2024-11-27T08:14:32.969Z","temperature":24,"humidity":40}}]}
{"records":[{"value":{"timestamp":"2024-11-27T08:14:36.376Z","temperature":24,"humidity":40}}]}
{"records":[{"value":{"timestamp":"2024-11-27T08:14:40.230Z","temperature":24,"humidity":40}}]}
{"records":[{"value":{"timestamp":"2024-11-27T08:14:43.706Z","temperature":24,"humidity":40}}]}
{"records":[{"value":{"timestamp":"2024-11-27T08:14:47.280Z","temperature":24,"humidity":40}}]}
{"records":[{"value":{"timestamp":"2024-11-27T08:14:50.846Z","temperature":24,"humidity":40}}]}
{"records":[{"value":{"timestamp":"2024-11-27T08:14:54.463Z","temperature":24,"humidity":40}}]}
{"records":[{"value":{"timestamp":"2024-11-27T08:14:57.875Z","temperature":24,"humidity":40}}]}
{"records":[{"value":{"timestamp":"2024-11-27T08:15:01.713Z","temperature":24,"humidity":40}}]}
{"records":[{"value":{"timestamp":"2024-11-27T08:15:05.088Z","temperature":24,"humidity":40}}]}
{"records":[{"value":{"timestamp":"2024-11-27T08:15:08.622Z","temperature":24,"humidity":40}}]}
{"records":[{"value":{"timestamp":"2024-11-27T08:15:12.207Z","temperature":24,"humidity":40}}]}
{"records":[{"value":{"timestamp":"2024-11-27T08:15:15.762Z","temperature":24,"humidity":40}}]}
{"records":[{"value":{"timestamp":"2024-11-27T08:15:19.801Z","temperature":24,"humidity":40}}]}
{"records":[{"value":{"timestamp":"2024-11-27T08:15:23.519Z","temperature":24,"humidity":40}}]}
{"records":[{"value":{"timestamp":"2024-11-27T08:15:27.105Z","temperature":24,"humidity":40}}]}
{"records":[{"value":{"timestamp":"2024-11-27T08:15:30.731Z","temperature":24,"humidity":40}}]}
{"records":[{"value":{"timestamp":"2024-11-27T08:15:34.825Z","temperature":24,"humidity":40}}]}
{"records":[{"value":{"timestamp":"2024-11-27T08:15:38.259Z","temperature":24,"humidity":40}}]}
{"records":[{"value":{"timestamp":"2024-11-27T08:15:41.701Z","temperature":24,"humidity":40}}]}
{"records":[{"value":{"timestamp":"2024-11-27T08:15:45.869Z","temperature":24,"humidity":40}}]}
{"records":[{"value":{"timestamp":"2024-11-27T08:15:50.077Z","temperature":24,"humidity":40}}]}
{"records":[{"value":{"timestamp":"2024-11-27T08:15:53.653Z","temperature":24,"humidity":40}}]}
{"records":[{"value":{"timestamp":"2024-11-27T08:15:57.564Z","temperature":24,"humidity":40}}]}
{"records":[{"value":{"timestamp":"2024-11-27T08:16:01.527Z","temperature":24,"humidity":40}}]}
{"records":[{"value":{"timestamp":"2024-11-27T08:16:05.601Z","temperature":24,"humidity":40}}]}
{"records":[{"value":{"timestamp":"2024-11-27T08:16:09.353Z","temperature":24,"humidity":40}}]}
{"records":[{"value":{"timestamp":"2024-11-27T08:16:13.851Z","temperature":24,"humidity":40}}]}
{"records":[{"value":{"timestamp":"2024-11-27T08:16:18.653Z","temperature":24,"humidity":40}}]}
{"records":[{"value":{"timestamp":"2024-11-27T08:16:22.947Z","temperature":24,"humidity":40}}]}
{"records":[{"value":{"timestamp":"2024-11-27T08:16:27.138Z","temperature":24,"humidity":40}}]}
{"records":[{"value":{"timestamp":"2024-11-27T08:16:31.081Z","temperature":24,"humidity":40}}]}
{"records":[{"value":{"timestamp":"2024-11-27T08:16:35.593Z","temperature":24,"humidity":40}}]}
{"records":[{"value":{"timestamp":"2024-11-27T08:16:40.272Z","temperature":24,"humidity":40}}]}
{"records":[{"value":{"timestamp":"2024-11-27T08:16:43.999Z","temperature":24,"humidity":40}}]}
{"records":[{"value":{"timestamp":"2024-11-27T08:16:48.461Z","temperature":24,"humidity":40}}]}
{"records":[{"value":{"timestamp":"2024-11-27T08:16:51.900Z","temperature":24,"humidity":40}}]}
{"records":[{"value":{"timestamp":"2024-11-27T08:16:55.882Z","temperature":24,"humidity":40}}]}
{"records":[{"value":{"timestamp":"2024-11-27T08:24:30.966Z","temperature":24,"humidity":40}}]}
{"records":[{"value":{"timestamp":"2024-11-27T08:24:35.033Z","temperature":24,"humidity":40}}]}
{"records":[{"value":{"timestamp":"2024-11-27T08:24:38.484Z","temperature":24,"humidity":40}}]}
{"records":[{"value":{"timestamp":"2024-11-27T08:24:42.311Z","temperature":24,"humidity":40}}]}
{"records":[{"value":{"timestamp":"2024-11-27T08:24:45.713Z","temperature":24,"humidity":40}}]}
{"records":[{"value":{"timestamp":"2024-11-27T08:24:49.799Z","temperature":24,"humidity":40}}]}
{"records":[{"value":{"timestamp":"2024-11-27T08:24:53.577Z","temperature":24,"humidity":40}}]}
{"records":[{"value":{"timestamp":"2024-11-27T08:24:56.589Z","temperature":24,"humidity":40}}]}
{"records":[{"value":{"timestamp":"2024-11-27T08:25:01.060Z","temperature":24,"humidity":40}}]}
{"records":[{"value":{"timestamp":"2024-11-27T08:25:04.665Z","temperature":24,"humidity":40}}]}
{"records":[{"value":{"timestamp":"2024-11-27T08:25:07.998Z","temperature":24,"humidity":40}}]}
{"records":[{"value":{"timestamp":"2024-11-27T08:25:12.014Z","temperature":24,"humidity":40}}]}
{"records":[{"value":{"timestamp":"2024-11-27T08:25:15.222Z","temperature":24,"humidity":40}}]}
{"records":[{"value":{"timestamp":"2024-11-27T08:25:19.073Z","temperature":24,"humidity":40}}]}
{"records":[{"value":{"timestamp":"2024-11-27T08:25:23.201Z","temperature":24,"humidity":40}}]}
{"records":[{"value":{"timestamp":"2024-11-27T08:25:26.651Z","temperature":24,"humidity":40}}]}
{"records":[{"value":{"timestamp":"2024-11-27T08:25:30.521Z","temperature":24,"humidity":40}}]}
{"records":[{"value":{"timestamp":"2024-11-27T08:25:33.621Z","temperature":24,"humidity":40}}]}
{"records":[{"value":{"timestamp":"2024-11-27T08:25:37.737Z","temperature":24,"humidity":40}}]}
{"records":[{"value":{"timestamp":"2024-11-27T08:25:41.625Z","temperature":24,"humidity":40}}]}
{"records":[{"value":{"timestamp":"2024-11-27T08:25:45.185Z","temperature":24,"humidity":40}}]}
{"records":[{"value":{"timestamp":"2024-11-27T08:25:48.950Z","temperature":24,"humidity":40}}]}
{"records":[{"value":{"timestamp":"2024-11-27T08:25:53.663Z","temperature":24,"humidity":40}}]}
{"records":[{"value":{"timestamp":"2024-11-27T08:25:57.419Z","temperature":24,"humidity":40}}]}
{"records":[{"value":{"timestamp":"2024-11-27T08:26:00.691Z","temperature":24,"humidity":40}}]}
{"records":[{"value":{"timestamp":"2024-11-27T08:26:04.333Z","temperature":24,"humidity":40}}]}
{"records":[{"value":{"timestamp":"2024-11-27T08:26:09.301Z","temperature":24,"humidity":40}}]}
{"records":[{"value":{"timestamp":"2024-11-27T08:26:13.664Z","temperature":24,"humidity":40}}]}
{"records":[{"value":{"timestamp":"2024-11-27T08:26:17.428Z","temperature":24,"humidity":40}}]}
{"records":[{"value":{"timestamp":"2024-11-27T08:26:20.039Z","temperature":24,"humidity":40}}]}
{"records":[{"value":{"timestamp":"2024-11-27T08:26:25.684Z","temperature":24,"humidity":40}}]}
{"records":[{"value":{"timestamp":"2024-11-27T08:26:28.323Z","temperature":24,"humidity":40}}]}
{"records":[{"value":{"timestamp":"2024-11-27T08:26:31.313Z","temperature":24,"humidity":40}}]}
{"records":[{"value":{"timestamp":"2024-11-27T08:26:34.462Z","temperature":24,"humidity":40}}]}
{"records":[{"value":{"timestamp":"2024-11-27T08:26:38.317Z","temperature":24,"humidity":40}}]}
{"records":[{"value":{"timestamp":"2024-11-27T08:26:42.639Z","temperature":24,"humidity":40}}]}
{"records":[{"value":{"timestamp":"2024-11-27T08:26:45.402Z","temperature":24,"humidity":40}}]}
{"records":[{"value":{"timestamp":"2024-11-27T08:26:49.639Z","temperature":24,"humidity":40}}]}
{"records":[{"value":{"timestamp":"2024-11-27T08:26:52.510Z","temperature":24,"humidity":40}}]}
{"records":[{"value":{"timestamp":"2024-11-27T08:26:56.499Z","temperature":24,"humidity":40}}]}
{"records":[{"value":{"timestamp":"2024-11-27T08:27:00.994Z","temperature":24,"humidity":40}}]}
{"records":[{"value":{"timestamp":"2024-11-27T08:27:03.106Z","temperature":24,"humidity":40}}]}
{"records":[{"value":{"timestamp":"2024-11-27T08:27:06.524Z","temperature":24,"humidity":40}}]}
{"records":[{"value":{"timestamp":"2024-11-27T08:27:10.278Z","temperature":24,"humidity":40}}]}
{"records":[{"value":{"timestamp":"2024-11-27T08:27:14.256Z","temperature":24,"humidity":40}}]}
{"records":[{"value":{"timestamp":"2024-11-27T08:27:17.705Z","temperature":24,"humidity":40}}]}
{"records":[{"value":{"timestamp":"2024-11-27T08:27:22.580Z","temperature":24,"humidity":40}}]}
{"records":[{"value":{"timestamp":"2024-11-27T08:27:25.409Z","temperature":24,"humidity":40}}]}
{"records":[{"value":{"timestamp":"2024-11-27T08:27:29.889Z","temperature":24,"humidity":40}}]}
{"records":[{"value":{"timestamp":"2024-11-27T08:27:31.663Z","temperature":24,"humidity":40}}]}
{"records":[{"value":{"timestamp":"2024-11-27T08:27:36.017Z","temperature":24,"humidity":40}}]}
{"records":[{"value":{"timestamp":"2024-11-27T08:28:08.765Z","temperature":24,"humidity":40}}]}
{"records":[{"value":{"timestamp":"2024-11-27T08:28:13.305Z","temperature":24,"humidity":40}}]}
{"records":[{"value":{"timestamp":"2024-11-27T08:28:17.307Z","temperature":24,"humidity":40}}]}
{"records":[{"value":{"timestamp":"2024-11-27T08:28:21.517Z","temperature":24,"humidity":40}}]}
{"records":[{"value":{"timestamp":"2024-11-27T08:28:24.965Z","temperature":24,"humidity":40}}]}
{"records":[{"value":{"timestamp":"2024-11-27T08:28:28.521Z","temperature":24,"humidity":40}}]}
{"records":[{"value":{"timestamp":"2024-11-27T08:28:32.827Z","temperature":24,"humidity":40}}]}
{"records":[{"value":{"timestamp":"2024-11-27T08:28:36.726Z","temperature":24,"humidity":40}}]}
{"records":[{"value":{"timestamp":"2024-11-27T08:28:41.122Z","temperature":24,"humidity":40}}]}
{"records":[{"value":{"timestamp":"2024-11-27T08:28:44.572Z","temperature":24,"humidity":40}}]}
{"records":[{"value":{"timestamp":"2024-11-27T08:28:48.308Z","temperature":24,"humidity":40}}]}
{"records":[{"value":{"timestamp":"2024-11-27T08:28:52.193Z","temperature":24,"humidity":40}}]}
{"records":[{"value":{"timestamp":"2024-11-27T08:28:55.199Z","temperature":24,"humidity":40}}]}
{"records":[{"value":{"timestamp":"2024-11-27T08:28:59.916Z","temperature":24,"humidity":40}}]}
{"records":[{"value":{"timestamp":"2024-11-27T08:29:02.692Z","temperature":24,"humidity":40}}]}
{"records":[{"value":{"timestamp":"2024-11-27T08:29:07.157Z","temperature":24,"humidity":40}}]}
{"records":[{"value":{"timestamp":"2024-11-27T08:29:11.229Z","temperature":24,"humidity":40}}]}
{"records":[{"value":{"timestamp":"2024-11-27T08:29:15.107Z","temperature":24,"humidity":40}}]}
{"records":[{"value":{"timestamp":"2024-11-27T08:29:19.361Z","temperature":24,"humidity":40}}]}
{"records":[{"value":{"timestamp":"2024-11-27T08:29:23.447Z","temperature":24,"humidity":40}}]}
{"records":[{"value":{"timestamp":"2024-11-27T08:29:27.524Z","temperature":24,"humidity":40}}]}
{"records":[{"value":{"timestamp":"2024-11-27T08:29:31.174Z","temperature":24,"humidity":40}}]}
{"records":[{"value":{"timestamp":"2024-11-27T08:29:34.769Z","temperature":24,"humidity":40}}]}
{"records":[{"value":{"timestamp":"2024-11-27T08:29:39.170Z","temperature":24,"humidity":40}}]}
{"records":[{"value":{"timestamp":"2024-11-27T08:29:42.913Z","temperature":31.9,"humidity":40}}]}
{"records":[{"value":{"timestamp":"2024-11-27T08:29:47.034Z","temperature":44.3,"humidity":40}}]}
{"records":[{"value":{"timestamp":"2024-11-27T08:29:50.709Z","temperature":44.3,"humidity":40}}]}
{"records":[{"value":{"timestamp":"2024-11-27T08:29:54.744Z","temperature":44.3,"humidity":40}}]}
{"records":[{"value":{"timestamp":"2024-11-27T08:29:59.467Z","temperature":44.3,"humidity":40}}]}
{"records":[{"value":{"timestamp":"2024-11-27T08:30:03.321Z","temperature":44.3,"humidity":40}}]}
{"records":[{"value":{"timestamp":"2024-11-27T08:30:06.809Z","temperature":44.3,"humidity":40}}]}
{"records":[{"value":{"timestamp":"2024-11-27T08:30:11.003Z","temperature":44.3,"humidity":40}}]}
{"records":[{"value":{"timestamp":"2024-11-27T08:30:15.661Z","temperature":44.3,"humidity":40}}]}
{"records":[{"value":{"timestamp":"2024-11-27T08:30:20.303Z","temperature":44.3,"humidity":40}}]}
{"records":[{"value":{"timestamp":"2024-11-27T08:30:24.194Z","temperature":44.3,"humidity":40}}]}
{"records":[{"value":{"timestamp":"2024-11-27T08:30:27.934Z","temperature":44.3,"humidity":40}}]}
{"records":[{"value":{"timestamp":"2024-11-27T08:30:32.105Z","temperature":44.3,"humidity":40}}]}
{"records":[{"value":{"timestamp":"2024-11-27T10:13:35.969Z","temperature":44.3,"humidity":40}}]}
{"records":[{"value":{"timestamp":"2024-11-27T10:13:39.792Z","temperature":44.3,"humidity":40}}]}
{"records":[{"value":{"timestamp":"2024-11-27T10:13:43.143Z","temperature":44.3,"humidity":40}}]}
{"records":[{"value":{"timestamp":"2024-11-27T10:13:46.947Z","temperature":44.3,"humidity":40}}]}
{"records":[{"value":{"timestamp":"2024-11-27T10:13:50.062Z","temperature":44.3,"humidity":40}}]}
{"records":[{"value":{"timestamp":"2024-11-27T10:13:53.299Z","temperature":44.3,"humidity":40}}]}
{"records":[{"value":{"timestamp":"2024-11-27T10:13:56.677Z","temperature":44.3,"humidity":40}}]}
{"records":[{"value":{"timestamp":"2024-11-27T10:14:00.194Z","temperature":44.3,"humidity":40}}]}
{"records":[{"value":{"timestamp":"2024-11-27T10:14:03.550Z","temperature":44.3,"humidity":40}}]}
{"records":[{"value":{"timestamp":"2024-11-27T10:14:07.593Z","temperature":44.3,"humidity":40}}]}
{"records":[{"value":{"timestamp":"2024-11-27T10:14:10.518Z","temperature":44.3,"humidity":40}}]}
{"records":[{"value":{"timestamp":"2024-11-27T10:14:14.198Z","temperature":44.3,"humidity":40}}]}
{"records":[{"value":{"timestamp":"2024-11-27T10:14:17.548Z","temperature":44.3,"humidity":40}}]}
{"records":[{"value":{"timestamp":"2024-11-27T10:14:21.046Z","temperature":44.3,"humidity":40}}]}
{"records":[{"value":{"timestamp":"2024-11-27T10:14:24.568Z","temperature":44.3,"humidity":40}}]}
{"records":[{"value":{"timestamp":"2024-11-27T10:14:28.332Z","temperature":44.3,"humidity":40}}]}
{"records":[{"value":{"timestamp":"2024-11-27T10:14:31.842Z","temperature":44.3,"humidity":40}}]}
{"records":[{"value":{"timestamp":"2024-11-27T10:14:35.347Z","temperature":44.3,"humidity":40}}]}
{"records":[{"value":{"timestamp":"2024-11-27T10:14:39.327Z","temperature":44.3,"humidity":40}}]}
{"records":[{"value":{"timestamp":"2024-11-27T10:14:43.148Z","temperature":44.3,"humidity":40}}]}
{"records":[{"value":{"timestamp":"2024-11-27T10:14:46.500Z","temperature":44.3,"humidity":40}}]}
{"records":[{"value":{"timestamp":"2024-11-27T10:14:50.149Z","temperature":44.3,"humidity":40}}]}
{"records":[{"value":{"timestamp":"2024-11-27T10:14:54.080Z","temperature":44.3,"humidity":40}}]}
{"records":[{"value":{"timestamp":"2024-11-27T10:14:57.468Z","temperature":44.3,"humidity":40}}]}
{"records":[{"value":{"timestamp":"2024-11-27T10:15:01.256Z","temperature":44.3,"humidity":40}}]}
{"records":[{"value":{"timestamp":"2024-11-27T10:15:04.626Z","temperature":44.3,"humidity":40}}]}
{"records":[{"value":{"timestamp":"2024-11-27T10:15:08.412Z","temperature":44.3,"humidity":40}}]}
{"records":[{"value":{"timestamp":"2024-11-27T10:15:12.433Z","temperature":44.3,"humidity":40}}]}
{"records":[{"value":{"timestamp":"2024-11-27T10:15:16.003Z","temperature":44.3,"humidity":40}}]}
{"records":[{"value":{"timestamp":"2024-11-27T10:15:19.304Z","temperature":44.3,"humidity":40}}]}
{"records":[{"value":{"timestamp":"2024-11-27T10:15:23.045Z","temperature":44.3,"humidity":40}}]}
{"records":[{"value":{"timestamp":"2024-11-27T10:15:26.477Z","temperature":44.3,"humidity":40}}]}
{"records":[{"value":{"timestamp":"2024-11-27T10:15:29.982Z","temperature":44.3,"humidity":40}}]}
{"records":[{"value":{"timestamp":"2024-11-27T10:15:33.419Z","temperature":44.3,"humidity":40}}]}
{"records":[{"value":{"timestamp":"2024-11-27T10:15:36.931Z","temperature":44.3,"humidity":40}}]}
{"records":[{"value":{"timestamp":"2024-11-27T10:15:40.468Z","temperature":44.3,"humidity":40}}]}
{"records":[{"value":{"timestamp":"2024-11-27T10:15:44.113Z","temperature":44.3,"humidity":40}}]}
{"records":[{"value":{"timestamp":"2024-11-27T10:15:47.790Z","temperature":44.3,"humidity":40}}]}
{"records":[{"value":{"timestamp":"2024-11-27T10:15:51.515Z","temperature":44.3,"humidity":40}}]}
{"records":[{"value":{"timestamp":"2024-11-27T10:15:55.238Z","temperature":44.3,"humidity":40}}]}
{"records":[{"value":{"timestamp":"2024-11-27T10:15:59.036Z","temperature":44.3,"humidity":40}}]}
{"records":[{"value":{"timestamp":"2024-11-27T10:16:02.268Z","temperature":44.3,"humidity":40}}]}
{"records":[{"value":{"timestamp":"2024-11-27T10:16:05.714Z","temperature":44.3,"humidity":40}}]}
{"records":[{"value":{"timestamp":"2024-11-27T10:16:09.272Z","temperature":44.3,"humidity":40}}]}
{"records":[{"value":{"timestamp":"2024-11-27T10:16:13.005Z","temperature":44.3,"humidity":40}}]}
{"records":[{"value":{"timestamp":"2024-11-27T10:16:16.488Z","temperature":44.3,"humidity":40}}]}
{"records":[{"value":{"timestamp":"2024-11-27T10:16:20.042Z","temperature":44.3,"humidity":40}}]}
{"records":[{"value":{"timestamp":"2024-11-27T10:16:23.662Z","temperature":44.3,"humidity":40}}]}
{"records":[{"value":{"timestamp":"2024-11-27T10:16:27.224Z","temperature":44.3,"humidity":40}}]}
{"records":[{"value":{"timestamp":"2024-11-27T10:16:30.828Z","temperature":44.3,"humidity":40}}]}
{"records":[{"value":{"timestamp":"2024-11-27T10:16:34.285Z","temperature":44.3,"humidity":40}}]}
{"records":[{"value":{"timestamp":"2024-11-27T10:16:37.959Z","temperature":44.3,"humidity":40}}]}
{"records":[{"value":{"timestamp":"2024-11-27T10:16:41.660Z","temperature":44.3,"humidity":40}}]}
{"records":[{"value":{"timestamp":"2024-11-27T10:16:45.280Z","temperature":44.3,"humidity":40}}]}
{"records":[{"value":{"timestamp":"2024-11-27T10:16:49.606Z","temperature":44.3,"humidity":40}}]}
{"records":[{"value":{"timestamp":"2024-11-27T10:16:52.882Z","temperature":44.3,"humidity":40}}]}
{"records":[{"value":{"timestamp":"2024-11-27T10:16:56.933Z","temperature":44.3,"humidity":40}}]}
{"records":[{"value":{"timestamp":"2024-11-27T10:17:00.359Z","temperature":44.3,"humidity":40}}]}
{"records":[{"value":{"timestamp":"2024-11-27T10:17:04.444Z","temperature":44.3,"humidity":40}}]}
{"records":[{"value":{"timestamp":"2024-11-27T10:17:07.835Z","temperature":44.3,"humidity":40}}]}
{"records":[{"value":{"timestamp":"2024-11-27T10:17:11.927Z","temperature":44.3,"humidity":40}}]}
{"records":[{"value":{"timestamp":"2024-11-27T10:17:15.784Z","temperature":44.3,"humidity":40}}]}
{"records":[{"value":{"timestamp":"2024-11-27T10:17:19.697Z","temperature":44.3,"humidity":40}}]}
{"records":[{"value":{"timestamp":"2024-11-27T10:17:23.032Z","temperature":44.3,"humidity":40}}]}
{"records":[{"value":{"timestamp":"2024-11-27T10:17:26.501Z","temperature":44.3,"humidity":40}}]}
{"records":[{"value":{"timestamp":"2024-11-27T10:17:30.363Z","temperature":44.3,"humidity":40}}]}
{"records":[{"value":{"timestamp":"2024-11-27T10:17:34.272Z","temperature":44.3,"humidity":40}}]}
{"records":[{"value":{"timestamp":"2024-11-27T10:17:38.034Z","temperature":44.3,"humidity":40}}]}
{"records":[{"value":{"timestamp":"2024-11-27T10:17:42.172Z","temperature":44.3,"humidity":40}}]}
{"records":[{"value":{"timestamp":"2024-11-27T10:17:46.005Z","temperature":44.3,"humidity":40}}]}
{"records":[{"value":{"timestamp":"2024-11-27T10:17:49.950Z","temperature":44.3,"humidity":40}}]}
{"records":[{"value":{"timestamp":"2024-11-27T10:17:53.705Z","temperature":44.3,"humidity":40}}]}
{"records":[{"value":{"timestamp":"2024-11-27T10:17:57.743Z","temperature":44.3,"humidity":40}}]}
{"records":[{"value":{"timestamp":"2024-11-27T10:18:01.203Z","temperature":44.3,"humidity":40}}]}
{"records":[{"value":{"timestamp":"2024-11-27T10:18:05.408Z","temperature":44.3,"humidity":40}}]}
{"records":[{"value":{"timestamp":"2024-11-27T10:18:09.300Z","temperature":44.3,"humidity":40}}]}
{"records":[{"value":{"timestamp":"2024-11-27T10:18:12.866Z","temperature":44.3,"humidity":40}}]}
{"records":[{"value":{"timestamp":"2024-11-27T10:18:16.613Z","temperature":44.3,"humidity":40}}]}
{"records":[{"value":{"timestamp":"2024-11-27T10:18:20.504Z","temperature":44.3,"humidity":40}}]}
{"records":[{"value":{"timestamp":"2024-11-27T10:18:24.324Z","temperature":44.3,"humidity":40}}]}
{"records":[{"value":{"timestamp":"2024-11-27T10:18:28.348Z","temperature":44.3,"humidity":40}}]}
{"records":[{"value":{"timestamp":"2024-11-27T10:18:32.167Z","temperature":44.3,"humidity":40}}]}
{"records":[{"value":{"timestamp":"2024-11-27T10:18:36.277Z","temperature":44.3,"humidity":40}}]}
{"records":[{"value":{"timestamp":"2024-11-27T10:18:40.462Z","temperature":44.3,"humidity":40}}]}
{"records":[{"value":{"timestamp":"2024-11-27T10:18:44.068Z","temperature":44.3,"humidity":40}}]}
{"records":[{"value":{"timestamp":"2024-11-27T10:18:47.702Z","temperature":44.3,"humidity":40}}]}
{"records":[{"value":{"timestamp":"2024-11-27T10:18:51.496Z","temperature":44.3,"humidity":40}}]}
{"records":[{"value":{"timestamp":"2024-11-27T10:18:55.558Z","temperature":44.3,"humidity":40}}]}
{"records":[{"value":{"timestamp":"2024-11-27T10:18:59.527Z","temperature":44.3,"humidity":40}}]}
{"records":[{"value":{"timestamp":"2024-11-27T10:19:03.896Z","temperature":44.3,"humidity":40}}]}
{"records":[{"value":{"timestamp":"2024-11-27T10:19:07.294Z","temperature":44.3,"humidity":40}}]}
{"records":[{"value":{"timestamp":"2024-11-27T10:19:11.228Z","temperature":44.3,"humidity":40}}]}
{"records":[{"value":{"timestamp":"2024-11-27T10:19:14.919Z","temperature":44.3,"humidity":40}}]}
{"records":[{"value":{"timestamp":"2024-11-27T10:19:18.736Z","temperature":44.3,"humidity":40}}]}
{"records":[{"value":{"timestamp":"2024-11-27T10:19:22.592Z","temperature":44.3,"humidity":40}}]}
{"records":[{"value":{"timestamp":"2024-11-27T10:19:26.533Z","temperature":44.3,"humidity":40}}]}
{"records":[{"value":{"timestamp":"2024-11-27T10:19:30.311Z","temperature":44.3,"humidity":40}}]}
{"records":[{"value":{"timestamp":"2024-11-27T10:19:34.194Z","temperature":44.3,"humidity":40}}]}
{"records":[{"value":{"timestamp":"2024-11-27T10:19:38.018Z","temperature":44.3,"humidity":40}}]}
{"records":[{"value":{"timestamp":"2024-11-27T10:19:42.099Z","temperature":44.3,"humidity":40}}]}
{"records":[{"value":{"timestamp":"2024-11-27T10:19:46.129Z","temperature":44.3,"humidity":40}}]}
{"records":[{"value":{"timestamp":"2024-11-27T10:19:50.428Z","temperature":44.3,"humidity":40}}]}
{"records":[{"value":{"timestamp":"2024-11-27T10:19:54.408Z","temperature":44.3,"humidity":40}}]}
{"records":[{"value":{"timestamp":"2024-11-27T10:19:58.556Z","temperature":44.3,"humidity":40}}]}
{"records":[{"value":{"timestamp":"2024-11-27T10:20:02.618Z","temperature":44.3,"humidity":40}}]}
{"records":[{"value":{"timestamp":"2024-11-27T10:20:06.231Z","temperature":44.3,"humidity":40}}]}
{"records":[{"value":{"timestamp":"2024-11-27T10:20:10.209Z","temperature":44.3,"humidity":40}}]}
{"records":[{"value":{"timestamp":"2024-11-27T10:20:14.566Z","temperature":44.3,"humidity":40}}]}
{"records":[{"value":{"timestamp":"2024-11-27T11:41:08.149Z","temperature":44.3,"humidity":40}}]}
{"records":[{"value":{"timestamp":"2024-11-27T11:41:11.865Z","temperature":44.3,"humidity":40}}]}
{"records":[{"value":{"timestamp":"2024-11-27T11:41:15.284Z","temperature":44.3,"humidity":40}}]}
{"records":[{"value":{"timestamp":"2024-11-27T11:41:18.723Z","temperature":44.3,"humidity":40}}]}
{"records":[{"value":{"timestamp":"2024-11-27T11:41:22.177Z","temperature":44.3,"humidity":40}}]}
{"records":[{"value":{"timestamp":"2024-11-27T11:41:25.496Z","temperature":44.3,"humidity":40}}]}
{"records":[{"value":{"timestamp":"2024-11-27T11:41:28.760Z","temperature":44.3,"humidity":40}}]}
{"records":[{"value":{"timestamp":"2024-11-27T11:41:32.204Z","temperature":44.3,"humidity":40}}]}
{"records":[{"value":{"timestamp":"2024-11-27T11:41:35.515Z","temperature":44.3,"humidity":40}}]}
{"records":[{"value":{"timestamp":"2024-11-27T11:41:39.268Z","temperature":44.3,"humidity":40}}]}
{"records":[{"value":{"timestamp":"2024-11-27T11:41:42.604Z","temperature":44.3,"humidity":40}}]}
{"records":[{"value":{"timestamp":"2024-11-27T11:41:46.334Z","temperature":44.3,"humidity":40}}]}
{"records":[{"value":{"timestamp":"2024-11-27T11:41:49.611Z","temperature":44.3,"humidity":40}}]}
{"records":[{"value":{"timestamp":"2024-11-27T11:41:53.484Z","temperature":44.3,"humidity":40}}]}
{"records":[{"value":{"timestamp":"2024-11-27T11:41:56.837Z","temperature":44.3,"humidity":40}}]}
{"records":[{"value":{"timestamp":"2024-11-27T11:42:00.266Z","temperature":44.3,"humidity":40}}]}
{"records":[{"value":{"timestamp":"2024-11-27T11:42:03.600Z","temperature":44.3,"humidity":40}}]}
{"records":[{"value":{"timestamp":"2024-11-27T11:42:07.093Z","temperature":44.3,"humidity":40}}]}
{"records":[{"value":{"timestamp":"2024-11-27T11:42:10.838Z","temperature":44.3,"humidity":40}}]}
{"records":[{"value":{"timestamp":"2024-11-27T11:42:14.180Z","temperature":44.3,"humidity":40}}]}
{"records":[{"value":{"timestamp":"2024-11-27T11:42:17.399Z","temperature":44.3,"humidity":40}}]}
{"records":[{"value":{"timestamp":"2024-11-27T11:42:20.791Z","temperature":44.3,"humidity":40}}]}
{"records":[{"value":{"timestamp":"2024-11-27T11:42:24.224Z","temperature":44.3,"humidity":40}}]}
{"records":[{"value":{"timestamp":"2024-11-27T11:42:27.650Z","temperature":44.3,"humidity":40}}]}
{"records":[{"value":{"timestamp":"2024-11-27T11:42:31.199Z","temperature":44.3,"humidity":40}}]}
{"records":[{"value":{"timestamp":"2024-11-27T11:42:34.497Z","temperature":44.3,"humidity":40}}]}
{"records":[{"value":{"timestamp":"2024-11-27T11:42:37.900Z","temperature":44.3,"humidity":40}}]}
{"records":[{"value":{"timestamp":"2024-11-27T11:55:48.161Z","temperature":44.3,"humidity":40}}]}
{"records":[{"value":{"timestamp":"2024-11-27T11:55:51.218Z","temperature":44.3,"humidity":40}}]}
{"records":[{"value":{"timestamp":"2024-11-27T11:55:54.519Z","temperature":44.3,"humidity":40}}]}
{"records":[{"value":{"timestamp":"2024-11-27T11:55:57.978Z","temperature":44.3,"humidity":40}}]}
{"records":[{"value":{"timestamp":"2024-11-27T12:38:25.843Z","temperature":44.3,"humidity":40}}]}
{"records":[{"value":{"timestamp":"2024-11-27T12:38:29.565Z","temperature":44.3,"humidity":40}}]}
{"records":[{"value":{"timestamp":"2024-11-27T12:38:33.941Z","temperature":44.3,"humidity":40}}]}
{"records":[{"value":{"timestamp":"2024-11-27T12:38:36.504Z","temperature":44.3,"humidity":40}}]}
{"records":[{"value":{"timestamp":"2024-11-27T12:41:09.326Z","temperature":44.3,"humidity":40}}]}
{"records":[{"value":{"timestamp":"2024-11-27T12:41:13.044Z","temperature":44.3,"humidity":40}}]}
{"records":[{"value":{"timestamp":"2024-11-27T12:41:16.274Z","temperature":44.3,"humidity":40}}]}
{"records":[{"value":{"timestamp":"2024-11-27T12:41:19.921Z","temperature":44.3,"humidity":40}}]}
{"records":[{"value":{"timestamp":"2024-11-27T12:41:23.422Z","temperature":44.3,"humidity":40}}]}
{"records":[{"value":{"timestamp":"2024-11-27T12:41:26.964Z","temperature":44.3,"humidity":40}}]}
{"records":[{"value":{"timestamp":"2024-11-27T12:41:30.635Z","temperature":44.3,"humidity":40}}]}
{"records":[{"value":{"timestamp":"2024-11-27T12:41:34.586Z","temperature":44.3,"humidity":40}}]}
{"records":[{"value":{"timestamp":"2024-11-27T12:41:37.543Z","temperature":44.3,"humidity":40}}]}
{"records":[{"value":{"timestamp":"2024-11-27T12:41:41.118Z","temperature":44.3,"humidity":40}}]}
{"records":[{"value":{"timestamp":"2024-11-27T12:41:44.808Z","temperature":44.3,"humidity":40}}]}
{"records":[{"value":{"timestamp":"2024-11-27T12:41:48.564Z","temperature":44.3,"humidity":40}}]}
{"records":[{"value":{"timestamp":"2024-11-27T12:41:52.281Z","temperature":44.3,"humidity":40}}]}
{"records":[{"value":{"timestamp":"2024-11-27T12:41:56.865Z","temperature":44.3,"humidity":40}}]}
{"records":[{"value":{"timestamp":"2024-11-27T12:42:00.859Z","temperature":44.3,"humidity":40}}]}
{"records":[{"value":{"timestamp":"2024-11-27T12:42:04.700Z","temperature":44.3,"humidity":40}}]}
{"records":[{"value":{"timestamp":"2024-11-27T12:42:08.521Z","temperature":44.3,"humidity":40}}]}
{"records":[{"value":{"timestamp":"2024-11-27T12:42:12.065Z","temperature":44.3,"humidity":40}}]}
{"records":[{"value":{"timestamp":"2024-11-27T12:42:16.054Z","temperature":44.3,"humidity":40}}]}
{"records":[{"value":{"timestamp":"2024-11-27T12:42:19.507Z","temperature":44.3,"humidity":40}}]}
{"records":[{"value":{"timestamp":"2024-11-27T12:42:23.022Z","temperature":44.3,"humidity":40}}]}
{"records":[{"value":{"timestamp":"2024-11-27T12:42:26.855Z","temperature":44.3,"humidity":40}}]}
